{"components/carousel":"<div class=\"tt-heroCarousel\">\r\n<section class=\"heroCarousel\"\r\n    data-slick='{\r\n        \"arrows\": {{arrows}},\r\n        \"mobileFirst\": true,\r\n        \"slidesToShow\": 1,\r\n        \"fade\": true,\r\n        \"slidesToScroll\": 1,\r\n        \"autoplay\": true,\r\n        \"autoplaySpeed\": {{carousel.swap_frequency}},\r\n        \"lazyLoad\": \"anticipated\"\r\n    }'>\r\n    {{#each carousel.slides}}\r\n    <a href=\"{{url}}\" id=\"slider-{{alt_text}}\">\r\n        <div class=\"heroCarousel-slide\">\r\n          <img class=\"heroCarousel-image\" src=\"{{image}}\" alt=\"{{alt_text}}\" title=\"{{alt_text}}\"/>\r\n            {{#if heading}}\r\n                {{> components/carousel-content show_background=true}}\r\n            {{else}}\r\n                {{#if text}}\r\n                    {{> components/carousel-content show_background=true}}\r\n                {{else}}\r\n                    {{#if button_text}}\r\n                        {{> components/carousel-content show_background=false}}\r\n                    {{/if}}\r\n                {{/if}}\r\n            {{/if}}\r\n        </div>\r\n    </a>\r\n    {{/each}}\r\n</section>\r\n</div>\r\n","components/carousel-content":"<div class=\"heroCarousel-content{{#unless show_background}} heroCarousel-content--empty{{/unless}}\">\r\n\t<p class=\"heroCarousel-description\">{{{text}}}</p>\r\n    <h1 class=\"heroCarousel-title\">{{{heading}}}</h1>\r\n    {{#if button_text}}\r\n        <span class=\"heroCarousel-action button button--primary button--large\">{{button_text}}<span class=\"material-icons\">keyboard_arrow_right</span></span>\r\n    {{/if}}\r\n</div>\r\n"}
