{"components/common/alert-error":"<div class=\"alertBox alertBox--error\">\n    <div class=\"alertBox-column alertBox-icon\">\n        <icon glyph=\"ic-error\" class=\"icon\" aria-hidden=\"true\"><svg xmlns=\"http://www.w3.org/2000/svg\" width=\"24\" height=\"24\" viewBox=\"0 0 24 24\"><path d=\"M12 2C6.48 2 2 6.48 2 12s4.48 10 10 10 10-4.48 10-10S17.52 2 12 2zm1 15h-2v-2h2v2zm0-4h-2V7h2v6z\"></path></svg></icon>\n    </div>\n    <p class=\"alertBox-column alertBox-message\">\n        <span>{{{this}}}</span>\n    </p>\n</div>\n","components/common/alert-success":"<div class=\"alertBox alertBox--success\">\n    <div class=\"alertBox-column alertBox-icon\">\n        <icon glyph=\"ic-success\" class=\"icon\" aria-hidden=\"true\"><svg xmlns=\"http://www.w3.org/2000/svg\" width=\"24\" height=\"24\" viewBox=\"0 0 24 24\"><path d=\"M12 2C6.48 2 2 6.48 2 12s4.48 10 10 10 10-4.48 10-10S17.52 2 12 2zm1 15h-2v-2h2v2zm0-4h-2V7h2v6z\"></path></svg></icon>\n    </div>\n    <p class=\"alertBox-column alertBox-message\">\n        <span>{{{this}}}</span>\n    </p>\n</div>\n","components/common/forms/multiline":"<div class=\"form-field\" id=\"{{id}}\" data-validation=\"{{validation}}\">\n    <label class=\"form-label\" for=\"{{id}}_input\">{{label}}\n        {{#if required}}\n            <small>{{lang 'common.required' }}</small>\n        {{/if}}\n    </label>\n    <textarea name=\"{{name}}\" id=\"{{id}}_input\" data-label=\"{{label}}\" rows=\"{{rows}}\" aria-required=\"{{required}}\" class=\"form-input\" {{#if private_id}}data-field-type=\"{{private_id}}\"{{/if}}>{{value}}</textarea>\n</div>\n","components/common/forms/text":"<div class=\"form-field\" id=\"{{id}}\" data-validation=\"{{validation}}\" {{#if private_id}}data-type=\"{{private_id}}\"{{/if}}>\n    <label class=\"form-label\" for=\"{{id}}_input\">{{label}}\n        {{#if required}}<small>{{lang 'common.required' }}</small>{{/if}}\n    </label>\n    <input type=\"text\" id=\"{{id}}_input\" data-label=\"{{label}}\" name=\"{{name}}\" {{#if value}} value=\"{{value}}\"{{/if}} {{#if placeholder}} placeholder=\"{{placeholder}}\"{{/if}} class=\"form-input\" aria-required=\"{{required}}\" {{#if private_id}}data-field-type=\"{{private_id}}\"{{/if}} {{#if maxlength}}maxlength=\"{{maxlength}}\"{{/if}}>\n</div>\n","components/common/login-for-pricing":"<p translate>Log in for pricing</p>\n","components/common/paginator":"<div class=\"pagination\">\r\n    <ul class=\"pagination-list\">\r\n        {{#if previous}}\r\n            <li class=\"pagination-item pagination-item--previous\">\r\n                <a class=\"pagination-link\" href=\"{{previous}}\" {{#unless reload}}data-faceted-search-facet{{/unless}}>\r\n                    <i class=\"icon\" aria-hidden=\"true\">\r\n                        <svg>\r\n                            <use xmlns:xlink=\"http://www.w3.org/1999/xlink\" xlink:href=\"#icon-chevron-left\"></use>\r\n                        </svg>\r\n                    </i>\r\n                    {{!-- {{lang 'common.previous'}} --}}\r\n                </a>\r\n            </li>\r\n        {{/if}}\r\n        {{#each links}}\r\n            {{#if this.number '==' ../current}}\r\n                <li class=\"pagination-item pagination-item--current\">\r\n                    <a class=\"pagination-link\" href=\"{{this.url}}\" {{#unless reload}}data-faceted-search-facet{{/unless}}>{{this.number}}</a>\r\n                </li>\r\n            {{else}}\r\n                <li class=\"pagination-item\">\r\n                    <a class=\"pagination-link\" href=\"{{this.url}}\" {{#unless reload}}data-faceted-search-facet{{/unless}}>{{this.number}}</a>\r\n                </li>\r\n            {{/if}}\r\n        {{/each}}\r\n\r\n        {{#if next}}\r\n            <li class=\"pagination-item pagination-item--next\">\r\n                <a class=\"pagination-link\" href=\"{{next}}\" {{#unless reload}}data-faceted-search-facet{{/unless}}>\r\n                    {{!-- {{lang 'common.next'}} --}}\r\n                    <i class=\"icon\" aria-hidden=\"true\">\r\n                        <svg>\r\n                            <use xmlns:xlink=\"http://www.w3.org/1999/xlink\" xlink:href=\"#icon-chevron-right\"></use>\r\n                        </svg>\r\n                    </i>\r\n                </a>\r\n            </li>\r\n        {{/if}}\r\n    </ul>\r\n</div>\r\n","components/common/responsive-img":"{{!--\nThis file implements the lazysizes srcset pattern (as seen on\nhttps://github.com/aFarkas/lazysizes#modern-transparent-srcset-pattern) for maximum performance on modern browsers\nand reasonable compatibility with legacy browsers.\n\nThere are a few important arguments to know about when using this component:\n`lazyload`:\n    - If set to 'lazyload+lqip', will load a low-res image which will be replaced by lazysizes - ensuring that SOME\n    content is shown immediately on page load. Without LQIP, a transparent gif will be used instead, which reduces\n    the number of requests needed to load the page, making it even faster.\n    - If set to 'lazyload', the browser will not load the full-size image at first, instead the lazysizes plugin will\n        load it progressively after page load. This improves the load speed of the page, but it should be disabled for\n        high-priority above-the-fold images.\n    - If set to 'disabled', will not attempt to lazyload the image and instead tell the browser to load it immediately.\n        Use this for high-priority images that are above the fold.\n\n`fallback_size`:\n    This is the size to use for this image in legacy browsers that do not support srcset.\n    Can be defined as a pixel bounding-box size (e.g. \"123x123) or inherent width (e.g. \"123w\").\n\n`class`:\n    The CSS classes to add to the image, e.g. \"card-image\". If lazyloading is enabled, all images will have the\n    \"lazyload\" class so that lazysizes will target them automatically.\n\n`otherAttributes`:\n    Any other HTML attributes you want on the img tag, for example \"height='100' width='100'\"\n\n`default_image`:\n    The default image to use if `image` is undefined or falsy. Should be a theme asset, usually defined as a relative\n    path in the theme config. If a default image is not provided, you'll get an image tag with no image if the primary\n    image is undefined.\n\n`lqip_size`:\n    If you want to specify a particular size for the LQIP image, you can do so with this argument. A default of 80\n    pixels wide will be used otherwise. This argument has no effect if the lazyload mode is not \"lazyload+lqip\".\n\n--}}\n<img {{#if image}}{{!-- Get the default image for legacy browsers that do not support srcset\n--}}src=\"{{getImageSrcset image 1x=(default fallback_size '160w')}}\" alt=\"{{image.alt}}\" title=\"{{image.alt}}\" {{!--\n  Allow lazysizes to generate the 'sizes' attribute automatically --}}data-sizes=\"auto\"\n  {{#unless lazyload '==' 'disabled'}}\n    {{#if lazyload '==' 'lazyload+lqip'}}\n    {{!-- If we want a LQIP, include it as the default srcset (will be overwritten by lazysizes) --}}\n    srcset=\"{{getImageSrcset image 1x=(default lqip_size '80w')}}\"\n    {{else}}\n      {{!-- If we don't want a LQIP, use a 1px transparent gif for the stand-in image\n            This requires no additional network request, so it's fast --}}\n    srcset=\"data:image/gif;base64,R0lGODlhAQABAIAAAP///wAAACH5BAEAAAAALAAAAAABAAEAAAICRAEAOw==\"\n    {{/if}}\n{{/unless}}\n{{!-- If lazyloading is disabled, just use \"srcset\". If it is not disabled, use \"data-srcset\" so lazysizes will use\n      this after page load --}}\n{{!--\nGenerate the srcset string using the default sizes defined in the helper. This will allow the browser to\npick the best-sized image based on its own understanding of how it will render the page.\n--}}\n{{#unless lazyload '==' 'disabled'}}data-{{/unless}}srcset=\"{{getImageSrcset image use_default_sizes=true }}\"\n{{else if default_image}}src=\"{{cdn default_image}}\"{{/if}}\nclass=\"{{#unless lazyload '==' 'disabled'}}lazyload{{/unless}}{{#if class}} {{class}}{{/if}}\"\n{{#if lazyload '==' 'lazyload'}}loading=\"lazy\"{{/if}}\n{{otherAttributes}} />\n","components/common/share":"{{#if settings.add_this.buttons}}\r\n    <div class=\"addthis_toolbox addthis_32x32_style\" addthis:url=\"{{url}}\" addthis:title=\"{{title}}\">\r\n        <ul class=\"socialLinks\">\r\n            {{#each settings.add_this.buttons}}\r\n                <li class=\"socialLinks-item socialLinks-item--{{service}}\">\r\n                    <a class=\"addthis_button_{{service}} icon icon--{{service}}\" {{{annotation}}}>\r\n                        {{#if service '===' 'facebook'}}\r\n                            <svg>\r\n                                <use xlink:href=\"#icon-facebook\"/>\r\n                            </svg>\r\n                        {{else if service '===' 'email'}}\r\n                            <svg>\r\n                                <use xlink:href=\"#icon-envelope\"/>\r\n                            </svg>\r\n                        {{else if service '===' 'print'}}\r\n                            <svg>\r\n                                <use xlink:href=\"#icon-print\"/>\r\n                            </svg>\r\n                        {{else if service '===' 'twitter'}}\r\n                            <svg>\r\n                                <use xlink:href=\"#icon-twitter\"/>\r\n                            </svg>\r\n                        {{else if service '===' 'linkedin'}}\r\n                            <svg>\r\n                                <use xlink:href=\"#icon-linkedin\"/>\r\n                            </svg>\r\n                        {{else if service '===' 'google'}}\r\n                            <svg>\r\n                                <use xlink:href=\"#icon-google\"/>\r\n                            </svg>\r\n                        {{else if service '===' 'pinterest'}}\r\n                            <svg>\r\n                                <use xlink:href=\"#icon-pinterest\"/>\r\n                            </svg>\r\n                        {{/if}}\r\n                    </a>\r\n                </li>\r\n            {{/each}}\r\n        </ul>\r\n        <script type=\"text/javascript\"\r\n                defer src=\"//s7.addthis.com/js/300/addthis_widget.js#pubid=ra-4e94ed470ee51e32\"></script>\r\n        <script>  \r\n            window.addEventListener('DOMContentLoaded', function() {\r\n                if (typeof(addthis) === \"object\") {\r\n                    addthis.toolbox('.addthis_toolbox');\r\n                }\r\n            });\r\n        </script>\r\n    </div>\r\n{{/if}}\r\n{{#if settings.facebook_like_button.enabled}}\r\n    <iframe \r\n        class=\"facebook{{#if settings.facebook_like_button.verb '===' 'recommend'}}Recommend{{else}}Like{{/if}}Btn\" \r\n        style=\"border:none; overflow:hidden; margin: 0; padding: 0; position:absolute\" \r\n        src=\"https://www.facebook.com/plugins/like.php?href={{settings.facebook_like_button.href}}&amp;layout=button_count{{#if settings.facebook_like_button.verb '===' 'recommend'}}&amp;action=recommend{{/if}}&amp;colorscheme=light&amp;height=20\" \r\n        scrolling=\"no\" \r\n        frameborder=\"0\" \r\n        allowTransparency=\"true\">\r\n    </iframe>\r\n{{/if}}\r\n","components/common/wishlist-dropdown":"<form action=\"{{product.add_to_wishlist_url}}\" class=\"form form-wishlist form-action\" data-wishlist-add method=\"post\">\r\n    <a aria-controls=\"wishlist-dropdown\" aria-expanded=\"false\" class=\"button dropdown-menu-button\" data-dropdown=\"wishlist-dropdown\">\r\n        <span class=\"tt-wishlist-dd\">{{lang 'account.wishlists.add_item'}}</span>\r\n    </a>\r\n    <ul aria-hidden=\"true\" class=\"dropdown-menu\" data-dropdown-content id=\"wishlist-dropdown\" tabindex=\"-1\">\r\n        {{#if customer.wishlists}} {{#each customer.wishlists}}\r\n        <li>\r\n            <input class=\"button {{#if this.num_items '!==' '0'}}button--has-items{{/if}}\" formaction=\"{{this.add_url}}&product_id={{../product.id}}\"\r\n                type=\"submit\" value=\"{{this.name}}\">\r\n        </li>\r\n        {{/each}} {{else}}\r\n        <li>\r\n            <input class=\"button\" type=\"submit\" value=\"{{lang 'account.wishlists.add_to_default'}}\">\r\n        </li>\r\n        {{/if}}\r\n        <li>\r\n            <a data-wishlist class=\"button\" href=\"/wishlist.php?action=addwishlist&product_id={{product.id}}\">{{lang 'account.wishlists.create_new'}}</a>\r\n        </li>\r\n    </ul>\r\n</form>\r\n","components/products/add-to-cart":"{{#if theme_settings.show_product_quantity_box}}\r\n    <div class=\"form-field form-field--increments\">\r\n        <label class=\"form-label form-label--alternate\"\r\n               for=\"qty[]\">{{lang 'products.quantity'}}</label>\r\n            <div class=\"form-increment\" data-quantity-change>\r\n                <button class=\"button button--icon\" data-action=\"dec\">\r\n                    <span class=\"is-srOnly\">{{lang 'products.quantity_decrease'}}</span>\r\n                    <i class=\"icon\" aria-hidden=\"true\">\r\n                        <svg>\r\n                            <use xlink:href=\"#icon-keyboard-arrow-down\"/>\r\n                        </svg>\r\n                    </i>\r\n                </button>\r\n                <input class=\"form-input form-input--incrementTotal\"\r\n                       id=\"qty[]\"\r\n                       name=\"qty[]\"\r\n                       type=\"tel\"\r\n                       value=\"{{#if product.min_purchase_quantity}}{{product.min_purchase_quantity}}{{else}}1{{/if}}\"\r\n                       data-quantity-min=\"{{product.min_purchase_quantity}}\"\r\n                       data-quantity-max=\"{{product.max_purchase_quantity}}\"\r\n                       min=\"1\"\r\n                       pattern=\"[0-9]*\"\r\n                       aria-live=\"polite\">\r\n                <button class=\"button button--icon\" data-action=\"inc\">\r\n                    <span class=\"is-srOnly\">{{lang 'products.quantity_increase'}}</span>\r\n                    <i class=\"icon\" aria-hidden=\"true\">\r\n                        <svg>\r\n                            <use xlink:href=\"#icon-keyboard-arrow-up\"/>\r\n                        </svg>\r\n                    </i>\r\n                </button>\r\n            </div>\r\n    </div>\r\n{{/if}}\r\n\r\n<div class=\"alertBox productAttributes-message\" style=\"display:none\">\r\n    <div class=\"alertBox-column alertBox-icon\">\r\n        <icon glyph=\"ic-success\" class=\"icon\" aria-hidden=\"true\"><svg xmlns=\"http://www.w3.org/2000/svg\" width=\"24\" height=\"24\" viewBox=\"0 0 24 24\"><path d=\"M12 2C6.48 2 2 6.48 2 12s4.48 10 10 10 10-4.48 10-10S17.52 2 12 2zm1 15h-2v-2h2v2zm0-4h-2V7h2v6z\"></path></svg></icon>\r\n    </div>\r\n    <p class=\"alertBox-column alertBox-message\"></p>\r\n</div>\r\n{{#or customer (if theme_settings.restrict_to_login '!==' true)}}\r\n    <div class=\"form-action\">\r\n        <input id=\"form-action-addToCart\" data-wait-message=\"{{lang 'products.adding_to_cart'}}\" class=\"button button--primary\" type=\"submit\"\r\n            value=\"{{#if product.pre_order}}{{lang 'products.pre_order'}}{{else}}{{lang 'products.add_to_cart'}}{{/if}}\">\r\n    </div>\r\n{{/or}}\r\n","components/products/bulk-discount-rates":"{{#if bulk_discount_rates.length}}\n    {{#if product}}<dt class=\"productView-info-name\">{{lang 'products.bulk_pricing.title'}}</dt>{{/if}}\n    <dd class=\"productView-info-value\">\n        <a href=\"{{product.url}}#bulk_pricing\"\n           {{#unless is_ajax }}data-reveal-id=\"modal-bulk-pricing\"{{/unless}}>\n            {{lang 'products.bulk_pricing.view'}}\n        </a>\n    </dd>\n    <div id=\"modal-bulk-pricing\" class=\"modal modal--small\" data-reveal>\n        <div class=\"modal-header\">\n            <h2 class=\"modal-header-title\">{{lang 'products.bulk_pricing.modal_title'}}</h2>\n            <a href=\"#\" class=\"modal-close\" aria-label=\"Close\"><span aria-hidden=\"true\">&#215;</span></a>\n        </div>\n        <div class=\"modal-body\">\n            <p>{{lang 'products.bulk_pricing.instructions'}}</p>\n            <ul>\n                {{#each bulk_discount_rates}}\n                <li>\n                    {{lang 'products.bulk_pricing.range' min=min max=max}}\n                    {{#if type '===' 'percent'}}\n                    {{lang 'products.bulk_pricing.percent' discount=discount.formatted}}\n                    {{else if type '===' 'fixed'}}\n                    {{lang 'products.bulk_pricing.fixed' discount=discount.formatted}}\n                    {{else if type '===' 'price'}}\n                    {{lang 'products.bulk_pricing.price' discount=discount.formatted}}\n                    {{/if}}\n                </li>\n                {{/each}}\n            </ul>\n        </div>\n    </div>\n{{/if}}\n","components/products/description":"<p class=\"productView-title\">{{lang 'products.description'}}</p>\n<div class=\"productView-description\" {{#if settings.data_tag_enabled}} data-event-type=\"product\" {{/if}}>\n    {{{product.description}}}\n</div>\n\n{{#if product.warranty}}\n    <p class=\"productView-title\">{{lang 'products.warranty'}}</p>\n    <div class=\"productView-description\">\n        {{{product.warranty}}}\n    </div>\n{{/if}}\n","components/products/description-tabs":"<ul class=\"tabs\" data-tab>\n    <li class=\"tab is-active\">\n        <a class=\"tab-title\" href=\"#tab-description\">{{lang 'products.description'}}</a>\n    </li>\n    {{#if product.warranty}}\n        <li class=\"tab\">\n            <a class=\"tab-title\" href=\"#tab-warranty\">{{lang 'products.warranty'}}</a>\n        </li>\n    {{/if}}\n    {{#all product.custom_fields theme_settings.show_custom_fields_tabs}}\n        <li class=\"tab\">\n            <a class=\"tab-title\" href=\"#tab-{{dashcase (lowercase (sanitize theme_settings.pdp-custom-fields-tab-label))}}\">{{sanitize theme_settings.pdp-custom-fields-tab-label}}</a>\n        </li>\n    {{/all}}\n    {{#all settings.show_product_reviews theme_settings.show_product_reviews_tabs product.reviews.total}}\n        <li class=\"tab\">\n            <a class=\"tab-title productView-reviewTabLink\" href=\"#tab-reviews\">{{lang 'products.reviews.header' total=product.reviews.total}}</a>\n        </li>\n    {{/all}}\n</ul>\n<div class=\"tabs-contents\">\n    <div class=\"tab-content is-active\" id=\"tab-description\">\n        {{{product.description}}}\n    </div>\n   {{#if product.warranty}}\n       <div class=\"tab-content\" id=\"tab-warranty\">\n           {{{product.warranty}}}\n       </div>\n   {{/if}}\n   {{#all product.custom_fields theme_settings.show_custom_fields_tabs}}\n      <div class=\"tab-content\" id=\"tab-{{dashcase (lowercase (sanitize theme_settings.pdp-custom-fields-tab-label))}}\">\n         <dl class=\"productView-info\">\n            {{#each product.custom_fields}}\n               <dt class=\"productView-info-name\">{{name}}:</dt>\n               <dd class=\"productView-info-value\">{{{value}}}</dd>\n            {{/each}}\n         </dl>\n      </div>\n   {{/all}}\n   {{#all settings.show_product_reviews theme_settings.show_product_reviews_tabs}}\n       <div class=\"tab-content\" id=\"tab-reviews\">\n           {{> components/products/reviews reviews=product.reviews product=product urls=urls}}\n       </div>\n   {{/all}}\n</div>\n","components/products/modals/writeReview":"<div id=\"modal-review-form\" class=\"modal\" data-reveal>\n    {{inject 'reviewRating' (lang 'forms.validate.reviews.rating')}}\n    {{inject 'reviewSubject' (lang 'forms.validate.reviews.title')}}\n    {{inject 'reviewComment' (lang 'forms.validate.reviews.comment')}}\n    {{inject 'reviewEmail' (lang 'forms.validate.common.email_address')}}\n    <div class=\"modal-header\">\n        <h2 class=\"modal-header-title\">{{lang 'products.reviews.write_a_review'}}</h2>\n        <a href=\"#\" class=\"modal-close\" aria-label=\"{{lang 'common.close'}}\" role=\"button\">\n            <span aria-hidden=\"true\">&#215;</span>\n        </a>\n    </div>\n    <div class=\"modal-body\">\n        <div class=\"writeReview-productDetails\">\n            <div class=\"writeReview-productImage-container\">\n                {{> components/common/responsive-img\n                    image=product.main_image\n                    fallback_size=theme_settings.product_size\n                    lazyload=theme_settings.lazyload_mode\n                    default_image=theme_settings.default_image_product\n                }}\n            </div>\n            <h6 class=\"product-brand\">{{ product.brand.name }}</h6>\n            <h5 class=\"product-title\">{{ product.title }}</h5>\n        </div>\n        <form class=\"form writeReview-form\" action=\"{{ urls.product.post_review }}\" method=\"post\">\n            <fieldset class=\"form-fieldset\">\n                <div class=\"form-field\">\n                    <label class=\"form-label\" for=\"rating-rate\">{{lang 'products.reviews.rating_label'}}\n                        <small>{{lang 'common.required' }}</small>\n                    </label>\n                    <!-- Stars -->\n                    <!-- TODO: Review Stars need to be componentised, both for display and input -->\n                    <select id=\"rating-rate\" class=\"form-select\" name=\"revrating\">\n                        <option value=\"\">{{lang 'products.reviews.select_rating'}}</option>\n                        {{#for 1 5}}\n                            {{#if ../product.reviews.selected_rating '===' $index}}\n                                <option selected value=\"{{$index}}\">{{lang (concat 'products.reviews.rating.' $index) }}</option>\n                            {{else}}\n                                <option value=\"{{$index}}\">{{lang (concat 'products.reviews.rating.' $index) }}</option>\n                            {{/if}}\n                        {{/for}}\n                    </select>\n                </div>\n\n                <!-- Name -->\n                {{#if product.reviews.author}}\n                    {{> components/common/forms/text id=\"revfromname\" name=\"revfromname\" label=(lang 'products.reviews.form_write.name') value=product.reviews.author}}\n                {{else}}\n                    {{> components/common/forms/text id=\"revfromname\" name=\"revfromname\" label=(lang 'products.reviews.form_write.name') value=customer.name}}\n                {{/if}}\n\n                {{#if product.reviews.show_review_email}}\n                    <!-- Email -->\n                    {{#if product.reviews.email}}\n                        {{> components/common/forms/text id=\"email\" name=\"email\" required=\"false\" label=(lang 'products.reviews.form_write.email') value=product.reviews.email}}\n                    {{else}}\n                        {{> components/common/forms/text id=\"email\" name=\"email\" required=\"false\" label=(lang 'products.reviews.form_write.email') value=customer.email}}\n                    {{/if}}\n                {{/if}}\n\n                <!-- Review Subject -->\n                {{> components/common/forms/text id=\"revtitle\" name=\"revtitle\" required=\"true\" label=(lang 'products.reviews.form_write.subject') value=product.reviews.title}}\n\n                <!-- Comments -->\n                {{> components/common/forms/multiline id=\"revtext\" name=\"revtext\" required=\"true\" label=(lang 'products.reviews.form_write.comments') value=product.reviews.text}}\n\n                {{{product.reviews.recaptcha.markup}}}\n\n                <div class=\"form-field\">\n                    <input type=\"submit\" class=\"button button--primary\"\n                           value=\"{{lang 'products.reviews.form_write.submit_value' }}\">\n                </div>\n                <input type=\"hidden\" name=\"product_id\" value=\"{{ product.id }}\">\n                <input type=\"hidden\" name=\"action\" value=\"post_review\">\n                {{#if product.reviews.throttleToken}}<input type=\"hidden\" name=\"throttleToken\" value=\"{{product.reviews.throttleToken}}\">{{/if}}\n            </fieldset>\n        </form>\n    </div>\n</div>\n","components/products/options/date":"<div class=\"form-field\" data-product-attribute=\"date\">\n    <label class=\"form-label form-label--alternate form-label--inlineSmall\" {{#if style}}style=\"{{style}}\" {{/if}}>\n        {{this.display_name}}:\n\n        {{#if required}}\n            <small>{{lang 'common.required'}}</small>\n        {{/if}}\n    </label>\n    <select class=\"form-select form-select--date\" name=\"attribute[{{this.id}}][month]\" {{#if required}}required{{/if}}>\n        <option value=\"\">{{lang 'common.month'}}</option>\n        {{#for 1 12}}\n            <option value=\"{{$index}}\" {{#if ../selected_date.month '==' $index}}selected=\"selected\"{{/if}}>\n                {{lang (concat 'common.short_months.' $index)}}\n            </option>\n        {{/for}}\n    </select>\n    <select class=\"form-select form-select--date\" name=\"attribute[{{this.id}}][day]\" {{#if required}}required{{/if}}>\n        <option value=\"\">{{lang 'common.day'}}</option>\n        {{#for 1 31}}\n            <option value=\"{{$index}}\" {{#if ../selected_date.day '==' $index}}selected=\"selected\"{{/if}}>\n                {{$index}}\n            </option>\n        {{/for}}\n    </select>\n    <select class=\"form-select form-select--date\" name=\"attribute[{{this.id}}][year]\" {{#if required}}required{{/if}}>\n        <option value=\"\">{{lang 'common.year'}}</option>\n        {{#for earliest_year latest_year}}\n            <option value=\"{{$index}}\" {{#if ../selected_date.year '==' $index}}selected=\"selected\"{{/if}}>\n                {{$index}}\n            </option>\n        {{/for}}\n        {{#if earliest_year '==' latest_year}}\n        <option value=\"{{earliest_year}}\" selected=\"selected\">{{earliest_year}}</option>\n        {{/if}}\n    </select>\n</div>\n","components/products/options/input-checkbox":"<div class=\"form-field\" data-product-attribute=\"input-checkbox\">\n    <label class=\"form-label form-label--alternate form-label--inlineSmall\">\n        {{display_name}}:\n\n        {{#if required}}\n            <small>{{lang 'common.required'}}</small>\n        {{/if}}\n    </label>\n    <input type=\"hidden\" name=\"attribute[{{id}}]\" value=\"{{noValue}}\" />\n    <input\n        class=\"form-checkbox\"\n        type=\"checkbox\"\n        name=\"attribute[{{id}}]\"\n        id=\"attribute-check-{{id}}\"\n        value=\"{{value}}\"\n        {{#if checked}}\n            checked\n            data-default\n        {{/if}}\n        {{#if required}}required{{/if}}>\n\n    <label class=\"form-label {{class}}\" for=\"attribute-check-{{id}}\">{{label}}</label>\n</div>\n","components/products/options/input-file":"<div class=\"form-field\" data-product-attribute=\"input-file\">\n    <label class=\"form-label form-label--alternate form-label--inlineSmall\" for=\"attribute_file_{{id}}\">\n        {{ this.display_name }}:\n\n        {{#if required}}\n            <small>{{lang 'common.required'}}</small>\n        {{/if}}\n    </label>\n\n    <input class=\"form-file\" type=\"file\" id=\"attribute_file_{{id}}\" name=\"attribute[{{this.id}}]\" {{#if required}}required{{/if}}>\n    {{#if original_name}}\n        {{{lang 'products.file_option_set' url=file_url name=original_name}}}\n        <label>{{lang 'cart.remove_file'}}<input type=\"checkbox\" name=\"{{file_remove}}\"></label>\n    {{/if}}\n    <p class=\"form-fileDescription\">{{#if file_size}}{{lang 'products.max_filesize'}} <strong>{{file_size}}</strong>, {{/if}}{{#if file_types}}{{lang 'products.filetypes'}} <strong>{{file_types}}</strong>{{/if}}</p>\n\n</div>\n","components/products/options/input-numbers":"<div class=\"form-field\" data-product-attribute=\"input-number\">\n    <label class=\"form-label form-label--alternate form-label--inlineSmall\" for=\"attribute_number_{{id}}\">\n        {{ this.display_name }}:\n\n        {{#if required}}\n            <small>{{lang 'common.required'}}</small>\n        {{/if}}\n    </label>\n\n    <input class=\"form-input\" type=\"number\" id=\"attribute_number_{{id}}\" {{#unless this.integer_only}}step=\"any\"{{/unless}} name=\"attribute[{{this.id}}]\" value=\"{{this.prefill}}\" {{#if required}}required{{/if}}>\n</div>\n","components/products/options/input-text":"<div class=\"form-field\" data-product-attribute=\"input-text\">\n    <label class=\"form-label form-label--alternate form-label--inlineSmall\" for=\"attribute_text_{{id}}\">\n        {{ this.display_name }}:\n\n        {{#if required}}\n            <small>{{lang 'common.required'}}</small>\n        {{/if}}\n    </label>\n\n    <input class=\"form-input form-input--small\" type=\"text\" id=\"attribute_text_{{id}}\" name=\"attribute[{{this.id}}]\" value=\"{{this.prefill}}\" {{#if required}}required{{/if}} {{#if max_length}}maxlength=\"{{max_length}}\"{{/if}}>\n</div>\n","components/products/options/product-list":"<div class=\"form-field\" data-product-attribute=\"product-list\">\r\n    <label class=\"form-label form-label--alternate form-label--inlineSmall\">\r\n        {{display_name}}:\r\n        <span data-option-value></span>\r\n\r\n        {{#if required}}\r\n            <small>{{lang 'common.required'}}</small>\r\n        {{/if}}\r\n    </label>\r\n\r\n    {{#if values.0.image}}\r\n        <ul class=\"productOptions-list\">\r\n            {{#unless required}}\r\n                <li class=\"productOptions-list-item\">\r\n                    <input class=\"form-radio\"\r\n                           type=\"radio\"\r\n                           name=\"attribute[{{id}}]\"\r\n                           value=\"0\"\r\n                           id=\"attribute_productlist_0_{{id}}\"\r\n                           checked=\"{{#if defaultValue '==' 0}}checked{{/if}}\" required>\r\n                    <label class=\"form-label\" for=\"attribute_productlist_0_{{id}}\">{{lang 'products.none'}}</label>\r\n                </li>\r\n            {{/unless}}\r\n            {{#each values}}\r\n                <li class=\"productOptions-list-item\" data-product-attribute-value=\"{{id}}\">\r\n                    {{#if image}}\r\n                        <figure class=\"productOptions-list-item-figure\">\r\n                            <img class=\"productOptions-list-item-image lazyload\" data-sizes=\"auto\" src=\"{{cdn 'img/loading.svg'}}\" data-src=\"{{getImage image 'productthumb_size'}}\" alt=\"{{image.alt}}\" title=\"{{image.alt}}\">\r\n                        </figure>\r\n                    {{/if}}\r\n                    <div class=\"productOptions-list-item-content\">\r\n                        <input\r\n                            class=\"form-radio\"\r\n                            type=\"radio\"\r\n                            name=\"attribute[{{../id}}]\"\r\n                            value=\"{{id}}\"\r\n                            id=\"attribute_productlist_{{../id}}_{{id}}\"\r\n                            {{#if selected}}\r\n                                checked\r\n                                data-default\r\n                            {{/if}}\r\n                            {{#if ../required}}required{{/if}}>\r\n                        <label data-product-attribute-value=\"{{id}}\" class=\"form-label\" for=\"attribute_productlist_{{../id}}_{{id}}\">{{label}}</label>\r\n                    </div>\r\n                </li>\r\n            {{/each}}\r\n        </ul>\r\n    {{else}}\r\n        {{#unless required}}\r\n        <input class=\"form-radio\"\r\n               type=\"radio\"\r\n               name=\"attribute[{{id}}]\"\r\n               value=\"0\"\r\n               id=\"attribute_productlist_0_{{id}}\"\r\n               {{#if defaultValue '==' 0}}checked{{/if}}>\r\n        <label class=\"form-label\" for=\"attribute_productlist_0_{{id}}\">{{lang 'products.none'}}</label>\r\n        {{/unless}}\r\n        {{#each values}}\r\n            <input\r\n                class=\"form-radio\"\r\n                type=\"radio\"\r\n                name=\"attribute[{{../id}}]\"\r\n                value=\"{{id}}\"\r\n                id=\"attribute_productlist_{{../id}}_{{id}}\"\r\n                {{#if selected}}checked{{/if}}\r\n                {{#if ../required}}required{{/if}}>\r\n            <label data-product-attribute-value=\"{{id}}\" class=\"form-label\" for=\"attribute_productlist_{{../id}}_{{id}}\">{{label}}</label>\r\n        {{/each}}\r\n    {{/if}}\r\n</div>\r\n","components/products/options/set-radio":"<div class=\"form-field\" data-product-attribute=\"set-radio\">\n    <label class=\"form-label form-label--alternate form-label--inlineSmall\">\n        {{ this.display_name }}:\n\n        {{#if required}}\n            <small>{{lang 'common.required'}}</small>\n        {{/if}}\n    </label>\n\n    {{#each this.values}}\n        <input\n            class=\"form-radio\"\n            type=\"radio\"\n            id=\"attribute_radio_{{../id}}_{{id}}\"\n            name=\"attribute[{{../id}}]\"\n            value=\"{{id}}\"\n            {{#if selected}}\n                checked\n                data-default\n            {{/if}}\n            {{#if ../required}}required{{/if}}>\n        <label data-product-attribute-value=\"{{id}}\" class=\"form-label\" for=\"attribute_radio_{{../id}}_{{id}}\">{{this.label}}</label>\n    {{/each}}\n</div>\n","components/products/options/set-rectangle":"<div class=\"form-field\" data-product-attribute=\"set-rectangle\">\n    <label class=\"form-label form-label--alternate form-label--inlineSmall\">\n        {{this.display_name}}:\n        <span data-option-value></span>\n        {{#if required}}\n            <small>{{lang 'common.required'}}</small>\n        {{/if}}\n    </label>\n    {{#each this.values}}\n        <input\n            class=\"form-radio\"\n            type=\"radio\"\n            id=\"attribute_rectangle__{{../id}}_{{id}}\"\n            name=\"attribute[{{../id}}]\"\n            value=\"{{id}}\"\n            {{#if selected}}\n                checked\n                data-default\n            {{/if}}\n            {{#if ../required}}required{{/if}}>\n        <label class=\"form-option\" for=\"attribute_rectangle__{{../id}}_{{id}}\" data-product-attribute-value=\"{{id}}\">\n            <span class=\"form-option-variant\">{{this.label}}</span>\n        </label>\n    {{/each}}\n</div>\n","components/products/options/set-select":"<div class=\"form-field\" data-product-attribute=\"set-select\">\n    <label class=\"form-label form-label--alternate form-label--inlineSmall\" for=\"attribute_select_{{id}}\">\n        {{ this.display_name }}:\n\n        {{#if required}}\n            <small>{{lang 'common.required'}}</small>\n        {{/if}}\n    </label>\n\n    <select class=\"form-select form-select--small\" name=\"attribute[{{this.id}}]\" id=\"attribute_select_{{id}}\" {{#if required}}required{{/if}}>\n        <option value=\"\">{{lang 'products.choose_options'}}</option>\n        {{#each this.values}}\n            <option data-product-attribute-value=\"{{id}}\" value=\"{{id}}\" {{#if selected}}selected data-default{{/if}}>{{label}}</option>\n        {{/each}}\n    </select>\n</div>\n","components/products/options/swatch":"<div class=\"form-field\" data-product-attribute=\"swatch\">\n    <label class=\"form-label form-label--alternate form-label--inlineSmall\">\n        {{this.display_name}}:\n        <span data-option-value></span>\n\n        {{#if required}}\n            <small>{{lang 'common.required'}}</small>\n        {{/if}}\n    </label>\n\n    {{#each this.values}}\n        <input class=\"form-radio\" type=\"radio\" name=\"attribute[{{../id}}]\" value=\"{{id}}\" id=\"attribute_swatch_{{../id}}_{{id}}\" {{#if selected}}checked data-default{{/if}} {{#if ../required}}required{{/if}}>\n        <label class=\"form-option form-option-swatch\" for=\"attribute_swatch_{{../id}}_{{id}}\" data-product-attribute-value=\"{{id}}\">\n            {{#if image}}\n                <span class='form-option-variant form-option-variant--pattern' title=\"{{this.label}}\" style=\"background-image: url('{{getImage image \"swatch_option_size\"}}');\"></span>\n            {{/if}}\n            {{#if data.[2]}}\n                <span class='form-option-variant form-option-variant--color' title=\"{{this.label}}\" style=\"background-color: #{{data.[0]}}\"></span>\n                <span class='form-option-variant form-option-variant--color' title=\"{{this.label}}\" style=\"background-color: #{{data.[1]}}\"></span>\n                <span class='form-option-variant form-option-variant--color' title=\"{{this.label}}\" style=\"background-color: #{{data.[2]}}\"></span>\n            {{else}}\n                {{#if data.[1]}}\n                    <span class='form-option-variant form-option-variant--color' title=\"{{this.label}}\" style=\"background-color: #{{data.[0]}}\"></span>\n                    <span class='form-option-variant form-option-variant--color' title=\"{{this.label}}\" style=\"background-color: #{{data.[1]}}\"></span>\n                {{else}}\n                    {{#if data.[0]}}\n                        <span class='form-option-variant form-option-variant--color' title=\"{{this.label}}\" style=\"background-color: #{{data.[0]}}\"></span>\n                    {{/if}}\n                {{/if}}\n            {{/if}}\n            {{#if pattern}}\n                <span class=\"form-option-expanded\">\n                    <span class=\"form-option-image\" style=\"background-image: url('{{getImage image 'core-swatch'}}');\"></span>\n                </span>\n            {{/if}}\n        </label>\n    {{/each}}\n</div>\n","components/products/options/textarea":"<div class=\"form-field\" data-product-attribute=\"textarea\">\n    <label class=\"form-label form-label--alternate form-label--inlineSmall\" for=\"attribute_textarea_{{id}}\">\n        {{display_name}}:\n\n        {{#if required}}\n            <small>{{lang 'common.required'}}</small>\n        {{/if}}\n    </label>\n\n    <textarea class=\"form-input\" id=\"attribute_textarea_{{id}}\" name=\"attribute[{{id}}]\" {{#if required}}required{{/if}} {{#if max_length}}maxlength={{max_length}}{{/if}}>{{prefill}}</textarea>\n</div>\n","components/products/price":"{{!-- There are 2 code paths for generating the PDP pricing HTML determined by the following #and condition. \r\nIf a 'price_range' exists then we generate all HTML in price-range.html, otherwise it is defined here. Both code\r\npaths generate the same HTML structure with some differences in whether that element is displayed by default (css styling).\r\n\r\nIf you are making a change here or in price-range.html, you probably want to make that change in both files. --}}\r\n\r\n{{#and price.price_range (if theme_settings.price_ranges '==' true)}}\r\n    {{> components/products/price-range price=price schema_org=schema_org}}\r\n{{else}}\r\n    {{#if price.with_tax}}\r\n        <div class=\"price-section price-section--withTax rrp-price--withTax\" {{#unless price.rrp_with_tax}}style=\"display: none;\"{{/unless}}>\r\n            {{theme_settings.pdp-retail-price-label}}\r\n            <span data-product-rrp-with-tax class=\"price price--rrp\">\r\n                {{price.rrp_with_tax.formatted}}\r\n            </span>\r\n        </div>\r\n        \r\n        <div class=\"price-section price-section--withTax\" {{#if schema_org}}itemprop=\"offers\" itemscope itemtype=\"http://schema.org/Offer\"{{/if}}>\r\n            <span class=\"price-label\" {{#if price.non_sale_price_with_tax}}style=\"display: none;\"{{/if}}>\r\n                {{theme_settings.pdp-price-label}}\r\n            </span>\r\n            <span class=\"price-now-label\" {{#unless price.non_sale_price_with_tax}}style=\"display: none;\"{{/unless}}>\r\n                {{!--  {{theme_settings.pdp-sale-price-label}} --}}\r\n            </span>\r\n            <span data-product-price-with-tax class=\"price price--withTax\">{{price.with_tax.formatted}}</span>\r\n            {{#if schema_org}}\r\n                <meta itemprop=\"availability\" itemtype=\"http://schema.org/ItemAvailability\" \r\n                \tcontent=\"http://schema.org/{{#if product.pre_order}}PreOrder{{else if product.out_of_stock}}OutOfStock{{else if product.can_purchase '===' false}}OutOfStock{{else}}InStock{{/if}}\">\r\n                <meta itemprop=\"itemCondition\" itemtype=\"http://schema.org/OfferItemCondition\" content=\"http://schema.org/{{product.condition}}Condition\">\r\n                <meta itemprop=\"priceCurrency\" content=\"{{currency_selector.active_currency_code}}\">\r\n                <meta itemprop=\"url\" content=\"{{product.url}}\">\r\n                <div itemprop=\"priceSpecification\" itemscope itemtype=\"http://schema.org/PriceSpecification\">\r\n                    <meta itemprop=\"price\" content=\"{{price.with_tax.value}}\">\r\n                    <meta itemprop=\"priceCurrency\" content=\"{{currency_selector.active_currency_code}}\">\r\n                    <meta itemprop=\"valueAddedTaxIncluded\" content=\"true\">\r\n                </div>\r\n            {{/if}}\r\n            {{#if price.without_tax}}\r\n                <abbr title=\"{{lang 'products.including_tax'}}\">{{lang 'products.price_with_tax' tax_label=price.tax_label}}</abbr>\r\n            {{/if}}\r\n        </div>\r\n\t\t<div class=\"price-section price-section--withTax non-sale-price--withTax\" {{#unless price.non_sale_price_with_tax}}style=\"display: none;\"{{/unless}}>\r\n            {{!-- {{theme_settings.pdp-non-sale-price-label}}  --}}\r\n            <span data-product-non-sale-price-with-tax class=\"price price--non-sale\">\r\n                {{price.non_sale_price_with_tax.formatted}}\r\n            </span>\r\n        </div>\r\n    {{/if}}\r\n    {{#if price.without_tax}}\r\n        <div class=\"price-section price-section--withoutTax rrp-price--withoutTax{{#if price.with_tax}} price-section--minor{{/if}}\" {{#unless price.rrp_without_tax}}style=\"display: none;\"{{/unless}}>\r\n            {{theme_settings.pdp-retail-price-label}}\r\n            <span data-product-rrp-price-without-tax class=\"price price--rrp\"> \r\n                {{price.rrp_without_tax.formatted}}\r\n            </span>\r\n        </div>\r\n        <div class=\"price-section price-section--withoutTax non-sale-price--withoutTax{{#if price.with_tax}} price-section--minor{{/if}}\" {{#unless price.non_sale_price_without_tax}}style=\"display: none;\"{{/unless}}>\r\n            {{theme_settings.pdp-non-sale-price-label}}\r\n            <span data-product-non-sale-price-without-tax class=\"price price--non-sale\">\r\n                {{price.non_sale_price_without_tax.formatted}}\r\n            </span>\r\n        </div>\r\n        <div class=\"price-section price-section--withoutTax\" {{#if schema_org}}itemprop=\"offers\" itemscope itemtype=\"http://schema.org/Offer\"{{/if}}>\r\n            <span class=\"price-label\" {{#if price.non_sale_price_without_tax}}style=\"display: none;\"{{/if}}>\r\n                {{theme_settings.pdp-price-label}}\r\n            </span>\r\n            <span class=\"price-now-label\" {{#unless price.non_sale_price_without_tax}}style=\"display: none;\"{{/unless}}>\r\n                {{theme_settings.pdp-sale-price-label}}\r\n            </span>\r\n            <span data-product-price-without-tax class=\"price price--withoutTax{{#if price.with_tax}} price-section--minor{{/if}}\">{{price.without_tax.formatted}}</span>\r\n            {{#if schema_org}}\r\n                <meta itemprop=\"availability\" itemtype=\"http://schema.org/ItemAvailability\"\r\n                    content=\"http://schema.org/{{#if product.pre_order}}PreOrder{{else if product.out_of_stock}}OutOfStock{{else if product.can_purchase '===' false}}OutOfStock{{else}}InStock{{/if}}\">\r\n                <meta itemprop=\"itemCondition\" itemtype=\"http://schema.org/OfferItemCondition\" content=\"http://schema.org/{{product.condition}}Condition\">\r\n                <meta itemprop=\"priceCurrency\" content=\"{{currency_selector.active_currency_code}}\">\r\n                <meta itemprop=\"url\" content=\"{{product.url}}\">\r\n                <div itemprop=\"priceSpecification\" itemscope itemtype=\"http://schema.org/PriceSpecification\">\r\n                    <meta itemprop=\"price\" content=\"{{price.without_tax.value}}\">\r\n                    <meta itemprop=\"priceCurrency\" content=\"{{currency_selector.active_currency_code}}\">\r\n                    <meta itemprop=\"valueAddedTaxIncluded\" content=\"false\">\r\n                </div>\r\n            {{/if}}\r\n            {{#if price.with_tax}}\r\n                <abbr title=\"{{lang 'products.excluding_tax'}}\">{{lang 'products.price_without_tax' tax_label=price.tax_label}}</abbr>\r\n            {{/if}}\r\n        </div>\r\n    {{/if}}\r\n    {{#if page_type '===' 'product'}}\r\n         <div class=\"price-section price-section--saving price\" {{#unless price.saved}}style=\"display: none;\"{{/unless}}>\r\n                <span class=\"price\">{{lang 'products.you_save_opening_text'}}</span>\r\n                <span data-product-price-saved class=\"price price--saving\">\r\n                    {{price.saved.formatted}}\r\n                </span>\r\n                <span class=\"price\">{{lang 'products.you_save_closing_bracket'}}</span>\r\n         </div>\r\n    {{/if}}\r\n{{/and}}\r\n","components/products/price-range":"{{#and price.retail_price_range.min.with_tax price.retail_price_range.max.with_tax}}\r\n    <div class=\"price-section price-section--withTax rrp-price--withTax\">\r\n        {{theme_settings.pdp-retail-price-label}}\r\n        <span data-product-rrp-price-with-tax class=\"price price--rrp\">{{price.retail_price_range.min.with_tax.formatted}} - {{price.retail_price_range.max.with_tax.formatted}}</span>\r\n    </div>\r\n{{else}}\r\n    {{#if price.with_tax}}\r\n        <div class=\"price-section price-section--withTax rrp-price--withTax\" style=\"display: none;\">\r\n            {{theme_settings.pdp-retail-price-label}}\r\n            <span data-product-rrp-with-tax class=\"price price--rrp\">\r\n                {{price.rrp_with_tax.formatted}}\r\n            </span>\r\n        </div>\r\n    {{/if}}\r\n{{/and}}\r\n{{#and price.price_range.min.with_tax price.price_range.max.with_tax}}\r\n    {{!-- Never display the \"non-sales price\" if there is a price range to be shown, but we do want the element on the page --}}\r\n    <div class=\"price-section price-section--withTax non-sale-price--withTax\" style=\"display: none;\">\r\n        {{theme_settings.pdp-non-sale-price-label}}\r\n        <span data-product-non-sale-price-with-tax class=\"price price--non-sale\">\r\n            {{price.non_sale_price_with_tax.formatted}}\r\n        </span>\r\n    </div>\r\n    <div class=\"price-section price-section--withTax\" {{#if schema_org}}itemprop=\"offers\" itemscope itemtype=\"http://schema.org/Offer\"{{/if}}>\r\n        <span class=\"price-label\">{{theme_settings.pdp-price-label}}</span>\r\n        <span class=\"price-now-label\" style=\"display: none;\">{{theme_settings.pdp-sale-price-label}}</span>\r\n        <span data-product-price-with-tax class=\"price price--withTax\">{{price.price_range.min.with_tax.formatted}} - {{price.price_range.max.with_tax.formatted}}</span>\r\n        {{#and price.price_range.min.without_tax price.price_range.max.without_tax}}\r\n            <abbr title=\"{{lang 'products.including_tax'}}\">{{lang 'products.price_with_tax' tax_label=price.price_range.min.tax_label}}</abbr>\r\n        {{/and}}\r\n        {{#if schema_org}}\r\n            <meta itemprop=\"availability\" itemtype=\"http://schema.org/ItemAvailability\"\r\n                    content=\"http://schema.org/{{#if product.pre_order}}PreOrder{{else if product.out_of_stock}}OutOfStock{{else if product.can_purchase '===' false}}OutOfStock{{else}}InStock{{/if}}\">\r\n            <meta itemprop=\"itemCondition\" itemtype=\"http://schema.org/OfferItemCondition\" content=\"http://schema.org/{{product.condition}}Condition\">\r\n            <meta itemprop=\"priceCurrency\" content=\"{{currency_selector.active_currency_code}}\">\r\n            <meta itemprop=\"url\" content=\"{{product.url}}\">\r\n            <div itemprop=\"priceSpecification\" itemscope itemtype=\"http://schema.org/PriceSpecification\">\r\n                <meta itemprop=\"minPrice\" content=\"{{price_range.min.with_tax.value}}\"  />\r\n                <meta itemprop=\"price\" content=\"{{price_range.min.with_tax.value}}\">\r\n                <meta itemprop=\"maxPrice\" content=\"{{price_range.max.with_tax.value}}\"  />\r\n                <meta itemprop=\"priceCurrency\" content=\"{{currency_selector.active_currency_code}}\">\r\n                <meta itemprop=\"valueAddedTaxIncluded\" content=\"true\">\r\n            </div>\r\n        {{/if}}\r\n    </div>\r\n{{/and}}\r\n{{#and price.retail_price_range.min.without_tax price.retail_price_range.max.without_tax}}\r\n    <div class=\"price-section price-section--withoutTax rrp-price--withoutTax{{#if price.with_tax}} price-section--minor{{/if}}\">\r\n        {{theme_settings.pdp-retail-price-label}}\r\n        <span data-product-rrp-price-without-tax class=\"price price--rrp\">{{price.retail_price_range.min.without_tax.formatted}} - {{price.retail_price_range.max.without_tax.formatted}}</span>\r\n    </div>\r\n{{else}}\r\n    {{#if price.without_tax}}\r\n        <div class=\"price-section price-section--withoutTax rrp-price--withoutTax{{#if price.with_tax}} price-section--minor{{/if}}\" style=\"display: none;\">\r\n            {{theme_settings.pdp-retail-price-label}}\r\n            <span data-product-rrp-price-without-tax class=\"price price--rrp\">\r\n                {{price.rrp_without_tax.formatted}}\r\n            </span>\r\n        </div>\r\n    {{/if}}\r\n{{/and}}\r\n{{#and price.price_range.min.without_tax price.price_range.max.without_tax}}\r\n    {{!-- Never display the \"non-sales price\" if there is a price range to be shown, but we do want the element on the page --}}\r\n    <div class=\"price-section price-section--withoutTax non-sale-price--withoutTax{{#if price.with_tax}} price-section--minor{{/if}}\" style=\"display: none;\">\r\n        {{theme_settings.pdp-non-sale-price-label}}\r\n        <span data-product-non-sale-price-without-tax class=\"price price--non-sale\">\r\n            {{price.non_sale_price_without_tax.formatted}}\r\n        </span>\r\n    </div>\r\n    <div class=\"price-section price-section--withoutTax{{#and price_range.min.with_tax price_range.max.with_tax}} price-section--minor{{/and}}\" {{#if schema_org}}itemprop=\"offers\" itemscope itemtype=\"http://schema.org/Offer\"{{/if}}>\r\n        <span class=\"price-label\">{{theme_settings.pdp-price-label}}</span>\r\n        <span class=\"price-now-label\" style=\"display: none;\">{{theme_settings.pdp-sale-price-label}}</span>\r\n        <span data-product-price-without-tax class=\"price price--withoutTax\">{{price.price_range.min.without_tax.formatted}} - {{price.price_range.max.without_tax.formatted}}</span>\r\n        {{#and price.price_range.min.with_tax price.price_range.max.with_tax}}\r\n            <abbr title=\"{{lang 'products.excluding_tax'}}\">{{lang 'products.price_without_tax' tax_label=price.price_range.min.tax_label}}</abbr>\r\n        {{/and}}\r\n        {{#if schema_org}}\r\n            <meta itemprop=\"availability\" itemtype=\"http://schema.org/ItemAvailability\"\r\n                    content=\"http://schema.org/{{#if product.pre_order}}PreOrder{{else if product.out_of_stock}}OutOfStock{{else if product.can_purchase '===' false}}OutOfStock{{else}}InStock{{/if}}\">\r\n            <meta itemprop=\"itemCondition\" itemtype=\"http://schema.org/OfferItemCondition\" content=\"http://schema.org/{{product.condition}}Condition\">\r\n            <meta itemprop=\"priceCurrency\" content=\"{{currency_selector.active_currency_code}}\">\r\n            <meta itemprop=\"url\" content=\"{{product.url}}\">\r\n            <div itemprop=\"priceSpecification\" itemscope itemtype=\"http://schema.org/PriceSpecification\">\r\n                <meta itemprop=\"minPrice\" content=\"{{price.price_range.min.without_tax.value}}\"  />\r\n                <meta itemprop=\"price\" content=\"{{price.price_range.min.without_tax.value}}\">\r\n                <meta itemprop=\"maxPrice\" content=\"{{price.price_range.max.without_tax.value}}\"  />\r\n                <meta itemprop=\"priceCurrency\" content=\"{{currency_selector.active_currency_code}}\">\r\n                <meta itemprop=\"valueAddedTaxIncluded\" content=\"false\">\r\n            </div>\r\n        {{/if}}\r\n    </div>\r\n{{/and}}\r\n\r\n{{!-- Never display the \"saving price\" element by default if there is a price range on the page to be shown --}}\r\n{{#if page_type '===' 'product'}}\r\n     <div class=\"price-section price-section--saving price\" style=\"display: none;\">\r\n            <span class=\"price\">{{lang 'products.you_save_opening_text'}}</span>\r\n            <span data-product-price-saved class=\"price price--saving\">\r\n                {{price.saved.formatted}}\r\n            </span>\r\n            <span class=\"price\">{{lang 'products.you_save_closing_bracket'}}</span>\r\n     </div>\r\n{{/if}}\r\n","components/products/product-view":"<div class=\"productView\" {{#if settings.data_tag_enabled}} data-event-type=\"product\" data-entity-id=\"{{product.id}}\" data-name=\"{{product.title}}\" data-product-category=\"{{#each product.category}}{{#if @last}}{{this}}{{else}}{{this}}, {{/if}}{{/each}}\" data-product-brand=\"{{product.brand.name}}\" data-product-price=\"{{#if product.price.with_tax}}{{product.price.with_tax.value}}{{else}}{{product.price.without_tax.value}}{{/if}}\" data-product-variant=\"single-product-option\"{{/if}}>\r\n{{#each product.reviews.messages}}\r\n        {{#if error}}\r\n            {{> components/common/alert-error error}}\r\n        {{/if}}\r\n        {{#if success}}\r\n            {{> components/common/alert-success success}}\r\n        {{/if}}\r\n    {{/each}}\r\n\r\n    \r\n\r\n    <section class=\"productView-images col-5\" data-image-gallery>\r\n        {{!--\r\n            Note that these image sizes are coupled to image sizes used in /assets/js/theme/common/product-details.js\r\n            for variant/rule image replacement\r\n        --}}\r\n        <figure class=\"productView-image\"\r\n                data-image-gallery-main\r\n                {{#if product.main_image}}\r\n                data-zoom-image=\"{{getImageSrcset product.main_image (cdn theme_settings.default_image_product) 1x=theme_settings.zoom_size }}\"\r\n                {{/if}}\r\n                >\r\n                {{#if product.out_of_stock}}\r\n                <span class=\"wdgsold-out\">{{lang 'products.sold_out'}}</span>\r\n            {{/if}}\r\n            <div class=\"productView-img-container {{#if product.out_of_stock}}sold-out-product{{/if}}\">\r\n                {{!-- Remove the surrounding a-element if there is no main image. --}}\r\n                {{#if product.main_image}}\r\n                    <a href=\"{{getImageSrcset product.main_image (cdn theme_settings.default_image_product) 1x=theme_settings.zoom_size}}\"\r\n                        target=\"_blank\"{{#if schema}} itemprop=\"image\"{{/if}}>\r\n                {{/if}}\r\n                {{> components/common/responsive-img\r\n                    image=product.main_image\r\n                    class=\"productView-image--default\"\r\n                    fallback_size=theme_settings.product_size\r\n                    lazyload=theme_settings.lazyload_mode\r\n                    default_image=theme_settings.default_image_product\r\n                    otherAttributes=\"data-main-image\"\r\n                }}\r\n                {{!-- Remove the surrounding a-element if there is no main image. --}}\r\n                {{#if product.main_image}}\r\n                    </a>\r\n                {{/if}}\r\n            </div>\r\n        </figure>\r\n        <ul class=\"productView-thumbnails\"{{#gt product.images.length 0}} data-slick='{\r\n                \"infinite\": false,\r\n                \"mobileFirst\": true,\r\n                \"dots\": false,\r\n                \"slidesToShow\": 4,\r\n                \"slidesToScroll\": 1,\r\n                \"responsive\": [\r\n                    {\r\n                      \"breakpoint\": 1200,\r\n                      \"settings\": {\r\n                        \"slidesToShow\": 4,\r\n                        \"slidesToScroll\": 1\r\n                      }\r\n                    },\r\n                    {\r\n                      \"breakpoint\": 990,\r\n                      \"settings\": {\r\n                        \"slidesToShow\": 3,\r\n                        \"slidesToScroll\": 1\r\n                      }\r\n                    },\r\n                    {\r\n                      \"breakpoint\": 800,\r\n                      \"settings\": {\r\n                        \"slidesToShow\": 2,\r\n                        \"slidesToScroll\": 1\r\n                      }\r\n                    },\r\n                    {\r\n                      \"breakpoint\": 544,\r\n                      \"settings\": {\r\n                        \"slidesToShow\": 4,\r\n                        \"slidesToScroll\": 1\r\n                      }\r\n                    },\r\n                    {\r\n                      \"breakpoint\": 320,\r\n                      \"settings\": {\r\n                        \"slidesToShow\": 3,\r\n                        \"slidesToScroll\": 1\r\n                      }\r\n                    },\r\n                    {\r\n                      \"breakpoint\": 0,\r\n                      \"settings\": {\r\n                        \"slidesToShow\": 2,\r\n                        \"slidesToScroll\": 1\r\n                      }\r\n                    }\r\n                ]\r\n            }'{{/gt}}>\r\n            {{#each product.images}}\r\n                <li class=\"productView-thumbnail\">\r\n                    <a\r\n                        class=\"productView-thumbnail-link\"\r\n                        href=\"{{getImageSrcset this (cdn ../theme_settings.default_image_product) 1x=../theme_settings.zoom_size}}\"\r\n                        data-image-gallery-item\r\n                        data-image-gallery-new-image-url=\"{{getImageSrcset this (cdn ../theme_settings.default_image_product) 1x=../theme_settings.product_size}}\"\r\n                        data-image-gallery-new-image-srcset=\"{{getImageSrcset this use_default_sizes=true}}\"\r\n                        data-image-gallery-zoom-image-url=\"{{getImageSrcset this (cdn ../theme_settings.default_image_product) 1x=../theme_settings.zoom_size}}\"\r\n                    >\r\n                    {{> components/common/responsive-img\r\n                        image=this\r\n                        fallback_size=../theme_settings.productview_thumb_size\r\n                        lazyload=../theme_settings.lazyload_mode\r\n                    }}\r\n                    </a>\r\n                </li>\r\n            {{/each}}\r\n        </ul>\r\n    </section>\r\n    \r\n    <section class=\"productView-details col-7\">\r\n        <div class=\"productView-product\">\r\n            <h1 class=\"productView-title\" {{#if schema}}itemprop=\"name\"{{/if}}>{{product.title}}</h1>\r\n            {{#if product.brand}}\r\n                <h2 class=\"productView-brand\"{{#if schema}} itemprop=\"brand\" itemscope itemtype=\"http://schema.org/Brand\"{{/if}}>\r\n                    <a href=\"{{product.brand.url}}\"{{#if schema}} itemprop=\"url\"{{/if}}><span{{#if schema}} itemprop=\"name\"{{/if}}>{{product.brand.name}}</span></a>\r\n                </h2>\r\n            {{/if}}\r\n            {{#if product.call_for_price}}\r\n                <p class=\"productView-price\">\r\n                    <span class=\"tt-call-price\">\r\n                        <span class=\"material-icons\">phone</span>\r\n                        {{product.call_for_price}}\r\n                    </span>\r\n                </p>\r\n            {{/if}}\r\n            <div class=\"productView-price\">\r\n                {{#or customer (if theme_settings.restrict_to_login '!==' true)}}\r\n                    {{> components/products/price price=product.price schema_org=schema}}\r\n                {{else}}\r\n                    {{> components/common/login-for-pricing}}\r\n                {{/or}}\r\n            </div>\r\n            {{{region name=\"product_below_price\"}}}\r\n            <div class=\"productView-rating\"{{#if product.num_reviews '>' 0}}{{#if schema}} itemprop=\"aggregateRating\" itemscope itemtype=\"http://schema.org/AggregateRating\"{{/if}}{{/if}}>\r\n                {{#if settings.show_product_rating}}\r\n                    {{#if product.num_reviews '>' 0}}\r\n                        {{#if schema}}\r\n                            <meta itemprop=\"ratingValue\" content=\"{{product.rating}}\">\r\n                            <meta itemprop=\"ratingCount\" content=\"{{product.num_reviews}}\">\r\n                            <meta itemprop=\"reviewCount\" content=\"{{product.num_reviews}}\">\r\n                        {{/if}}\r\n                    {{/if}}\r\n                    {{> components/products/ratings rating=product.rating}}\r\n                    <span class=\"productView-reviewLink tt-readreview\">\r\n                        {{#if product.num_reviews '>' 0}}\r\n                            <a href=\"#\">\r\n                                <span class=\"material-icons\">mode_comment</span>\r\n                                {{lang 'products.reviews.link_to_review' total=product.num_reviews}}\r\n                            </a>\r\n                        {{else}}\r\n                            {{lang 'products.reviews.link_to_review' total=product.num_reviews}}\r\n                        {{/if}}\r\n                    </span>\r\n                {{/if}}\r\n                {{#if settings.show_product_reviews}}\r\n                    <span class=\"productView-reviewLink\">\r\n                        <a href=\"{{product.url}}{{#if is_ajax}}#write_review{{/if}}\"\r\n                           {{#unless is_ajax }}data-reveal-id=\"modal-review-form\"{{/unless}}>\r\n                           <span class=\"material-icons\">edit</span>\r\n                           {{lang 'products.reviews.new'}}\r\n                        </a>\r\n                    </span>\r\n                    {{> components/products/modals/writeReview}}\r\n                {{/if}}\r\n            </div>\r\n            {{product.detail_messages}}\r\n            <dl class=\"productView-info\">\r\n                <dt class=\"productView-info-name sku-label\"{{#unless product.sku}} style=\"display: none;\"{{/unless}}>{{lang 'products.sku'}}</dt>\r\n                <dd class=\"productView-info-value\" data-product-sku{{#if schema}} itemprop=\"sku\"{{/if}}>{{product.sku}}</dd>\r\n                <dt class=\"productView-info-name upc-label\"{{#unless product.upc}} style=\"display: none;\"{{/unless}}>{{lang 'products.upc'}}</dt>\r\n                <dd class=\"productView-info-value\" data-product-upc>{{product.upc}}</dd>\r\n                {{#if schema}}\r\n                    {{#if product.mpn}}<meta itemprop=\"mpn\" content=\"{{product.mpn}}\" />{{/if}}\r\n                    {{#if product.gtin}}<meta itemprop=\"gtin\" content=\"{{product.gtin}}\" />{{/if}}\r\n                {{/if}}\r\n                {{#if product.condition}}\r\n                    <dt class=\"productView-info-name\">{{lang 'products.condition'}}</dt>\r\n                    <dd class=\"productView-info-value\">{{product.condition}}</dd>\r\n                {{/if}}\r\n                {{#if product.availability}}\r\n                    <dt class=\"productView-info-name\">{{lang 'products.availability'}}</dt>\r\n                    <dd class=\"productView-info-value\">{{product.availability}}</dd>\r\n                {{/if}}\r\n                {{#all product.weight theme_settings.show_product_weight}}\r\n                    <dt class=\"productView-info-name\">{{lang 'products.weight'}}</dt>\r\n                    <dd class=\"productView-info-value\" data-product-weight>{{product.weight}}</dd>\r\n                {{/all}}\r\n                {{#all product.width product.height product.depth theme_settings.show_product_dimensions}}\r\n                    <dt class=\"productView-info-name\">{{lang 'products.width'}}</dt>\r\n                    <dd class=\"productView-info-value\" data-product-width>\r\n                        {{product.width}}\r\n                        {{#if settings.measurements.length '==' 'Centimeters'}}\r\n                        ({{lang 'products.measurement.metric'}})\r\n                        {{else}}\r\n                        ({{lang 'products.measurement.imperial'}})\r\n                        {{/if}}\r\n                    </dd>\r\n                    <dt class=\"productView-info-name\">{{lang 'products.height'}}</dt>\r\n                    <dd class=\"productView-info-value\" data-product-height>\r\n                        {{product.height}}\r\n                        {{#if settings.measurements.length '==' 'Centimeters'}}\r\n                        ({{lang 'products.measurement.metric'}})\r\n                        {{else}}\r\n                        ({{lang 'products.measurement.imperial'}})\r\n                        {{/if}}\r\n                    </dd>\r\n                    <dt class=\"productView-info-name\">{{lang 'products.depth'}}</dt>\r\n                    <dd class=\"productView-info-value\" data-product-depth>\r\n                        {{product.depth}}\r\n                        {{#if settings.measurements.length '==' 'Centimeters'}}\r\n                        ({{lang 'products.measurement.metric'}})\r\n                        {{else}}\r\n                        ({{lang 'products.measurement.imperial'}})\r\n                        {{/if}}\r\n                    </dd>\r\n                {{/all}}\r\n                {{#if product.min_purchase_quantity}}\r\n                    <dt class=\"productView-info-name\">{{lang 'products.min_purchase_quantity'}}</dt>\r\n                    <dd class=\"productView-info-value\">{{lang 'products.purchase_units' quantity=product.min_purchase_quantity}}</dd>\r\n                {{/if}}\r\n                {{#if product.max_purchase_quantity}}\r\n                    <dt class=\"productView-info-name\">{{lang 'products.max_purchase_quantity'}}</dt>\r\n                    <dd class=\"productView-info-value\">{{lang 'products.purchase_units' quantity=product.max_purchase_quantity}}</dd>\r\n                {{/if}}\r\n                {{#if product.gift_wrapping_available}}\r\n                    <dt class=\"productView-info-name\">{{lang 'products.gift_wrapping'}}</dt>\r\n                    <dd class=\"productView-info-value\">{{lang 'products.gift_wrapping_available'}}</dd>\r\n                {{/if}}\r\n                {{#if product.shipping}}\r\n                    {{#if product.shipping.calculated}}\r\n                        <dt class=\"productView-info-name\">{{lang 'products.shipping'}}</dt>\r\n                        <dd class=\"productView-info-value\">{{lang 'products.shipping_calculated'}}</dd>\r\n                    {{else}}\r\n                        {{#if product.shipping.price.value '===' 0}}\r\n                            <dt class=\"productView-info-name\">{{lang 'products.shipping'}}</dt>\r\n                            <dd class=\"productView-info-value\">{{lang 'products.shipping_free'}}</dd>\r\n                        {{else}}\r\n                            <dt class=\"productView-info-name\">{{lang 'products.shipping'}}</dt>\r\n                            <dd class=\"productView-info-value\">{{lang 'products.shipping_fixed' amount=product.shipping.price.formatted}}</dd>\r\n                        {{/if}}\r\n                    {{/if}}\r\n                {{/if}}\r\n\r\n                {{#if settings.bulk_discount_enabled}}\r\n                    <div class=\"productView-info-bulkPricing\">\r\n                        {{> components/products/bulk-discount-rates bulk_discount_rates=product.bulk_discount_rates}}\r\n                    </div>\r\n                {{/if}}\r\n\r\n                {{#if theme_settings.show_custom_fields_tabs '!==' true}}\r\n                    {{#each product.custom_fields}}\r\n                        <dt class=\"productView-info-name\">{{name}}:</dt>\r\n                        <dd class=\"productView-info-value\">{{{value}}}</dd>\r\n                    {{/each}}\r\n                {{/if}}\r\n            </dl>\r\n        </div>\r\n    </section>\r\n    <section class=\"productView-btn col-7\">\r\n        <div class=\"productView-options\">\r\n            {{#if product.release_date }}\r\n                <p>{{product.release_date}}</p>\r\n            {{/if}}\r\n            <form class=\"form\" method=\"post\" action=\"{{product.cart_url}}\" enctype=\"multipart/form-data\"\r\n                  data-cart-item-add>\r\n                <input type=\"hidden\" name=\"action\" value=\"add\">\r\n                <input type=\"hidden\" name=\"product_id\" value=\"{{product.id}}\"/>\r\n                <div data-product-option-change style=\"display:none;\">\r\n                    {{#each product.options}}\r\n                        {{{dynamicComponent 'components/products/options'}}}\r\n                    {{/each}}\r\n                </div>\r\n                <div class=\"form-field form-field--stock{{#unless product.stock_level}} u-hiddenVisually{{/unless}}\">\r\n                    <label class=\"form-label form-label--alternate\">\r\n                        {{lang 'products.current_stock'}}\r\n                        <span data-product-stock>{{product.stock_level}}</span>\r\n                    </label>\r\n                </div>\r\n                {{#if product.can_purchase}}\r\n                    {{> components/products/add-to-cart}}\r\n                {{/if}}\r\n                {{#if product.out_of_stock}}\r\n                    {{#if product.out_of_stock_message}}\r\n                        {{> components/common/alert-error product.out_of_stock_message}}\r\n                    {{else}}\r\n                        {{> components/common/alert-error (lang 'products.sold_out')}}\r\n                    {{/if}}\r\n                {{/if}}\r\n            </form>\r\n            {{#if settings.show_wishlist}}\r\n                {{> components/common/wishlist-dropdown}}\r\n            {{/if}}\r\n        </div>\r\n        {{> components/common/share}}\r\n    </section>\r\n</div>\r\n\r\n{{#if theme_settings.show_product_details_tabs '==' false}}\r\n    <div class=\"tt-product-description\">\r\n        {{> components/products/description  settings=../settings}}\r\n    </div>\r\n{{/if}}\r\n\r\n{{#if theme_settings.show_product_reviews_tabs '==' false}}\r\n    {{#if product.num_reviews '>' 0}}\r\n        <div class=\"tt-product-review\">\r\n            <p class=\"productView-title\">{{lang 'products.reviews.title'}}</p>\r\n            {{> components/products/reviews reviews=product.reviews product=product urls=urls}}\r\n        </div>\r\n    {{/if}}\r\n{{/if}}\r\n\r\n\r\n\r\n\r\n{{#if schema}}\r\n\r\n\r\n<article class=\"productView-description {{#if product.videos.list.length '>' 0 or theme_settings.show_product_details_tabs '==' true or theme_settings.show_product_reviews_tabs '==' true}}tt-tab-active{{else if theme_settings.show_product_details_tabs '==' true or theme_settings.show_product_reviews_tabs '==' true}}tt-tab-active{{else if product.videos.list.length '<=' 0 and theme_settings.show_product_details_tabs '==' false and theme_settings.show_product_reviews_tabs '==' false}}tt-tab-disable{{else}}tt-tab-disable{{/if}}\" {{#if schema}} itemprop=\"description\"{{/if}}>\r\n{{!--        \r\n        {{#if theme_settings.show_product_details_tabs}}\r\n            {{> components/products/description-tabs}}\r\n        {{else}}\r\n            {{> components/products/description  settings=../settings}}\r\n        {{/if}}\r\n--}}\r\n        <ul class=\"tabs\" data-tab>\r\n            {{#if theme_settings.show_product_details_tabs '==' true}}\r\n                <li class=\"tab is-active\">\r\n                    <a class=\"tab-title\" href=\"#tab-description\">{{lang 'products.description'}}</a>\r\n                </li>\r\n            {{/if}}\r\n\t\t\t{{#if theme_settings.show_product_reviews_tabs '==' true}}\r\n                {{#if product.num_reviews '>' 0}}\r\n                    <li class=\"tab {{#if theme_settings.show_product_details_tabs '==' false}}is-active{{/if}}\">\r\n                        <a id=\"product-reviews\" class=\"tab-title\" href=\"#tab-productReviews\">{{lang 'products.reviews.title'}}</a>\r\n                    </li>\r\n                {{/if}}\r\n            {{/if}}\r\n\t\t\t\r\n            {{#if theme_settings.show_product_details_tabs '==' true}}\r\n                {{#if product.warranty}}\r\n                    <li class=\"tab\">\r\n                        <a class=\"tab-title\" href=\"#tab-warranty\">{{lang 'products.warranty'}}</a>\r\n                    </li>\r\n                {{/if}}\r\n            {{/if}}\r\n            \r\n            {{#if product.videos.list.length}}\r\n            \r\n                <li class=\"tab tt-video-title {{#if theme_settings.show_product_details_tabs '==' true}}is-disable{{else if theme_settings.show_product_reviews_tabs '==' true}}is-disable{{else}}is-active{{/if}}\">\r\n                    <a class=\"tab-title\" href=\"#tab-videoGallery\">{{lang 'products.videos.header'}}</a>\r\n                </li>\r\n            {{/if}}\r\n        </ul>\r\n\t\t\r\n        <div class=\"tabs-contents\">\r\n            {{#if theme_settings.show_product_details_tabs '==' true}}\r\n\t\t\t<div class=\"tab-content is-active\" id=\"tab-description\">\r\n\t\t\t\t{{{product.description}}}\r\n\t\t\t\t{{{snippet 'product_description'}}}\r\n\t\t\t</div>\r\n\t\t\t{{/if}}\r\n\t\t\t{{#if theme_settings.show_product_reviews_tabs}}\r\n\t\t\t\t<div class=\"tab-content {{#if theme_settings.show_product_details_tabs '==' false}}is-active{{/if}}\" id=\"tab-productReviews\">\r\n\t\t\t\t\t{{> components/products/reviews reviews=product.reviews product=product urls=urls}}\r\n\t\t\t\t</div>\r\n\t\t\t{{/if}}\r\n\t\t\t\r\n            {{#if theme_settings.show_product_details_tabs '==' true}}\r\n               {{#if product.warranty}}\r\n                   <div class=\"tab-content\" id=\"tab-warranty\">\r\n                       {{{product.warranty}}}\r\n                   </div>\r\n               {{/if}}\r\n            {{/if}}\r\n           \r\n           {{#if product.videos.list.length}}\r\n                <div class=\"tab-content tt-video-list {{#if theme_settings.show_product_details_tabs '==' true}}is-disable{{else if theme_settings.show_product_reviews_tabs '==' true}}is-disable{{else}}is-active{{/if}}\" id=\"tab-videoGallery\">\r\n                    {{> components/products/videos product.videos}}\r\n                </div>\r\n            {{/if}}\r\n        </div>\r\n    </article>\r\n{{/if}}\r\n<div id=\"previewModal\" class=\"modal modal--large\" data-reveal>\r\n    <a href=\"#\" class=\"modal-close\" aria-label=\"{{lang 'common.close'}}\" role=\"button\">\r\n        <span aria-hidden=\"true\">&#215;</span>\r\n    </a>\r\n    <div class=\"modal-content\"></div>\r\n    <div class=\"loadingOverlay\"></div>\r\n</div>\r\n","components/products/ratings":"{{#for 1 5}}\r\n    {{#if ../this.rating '>=' $index}}\r\n        <span class=\"icon icon--ratingFull\">\r\n            <span class=\"material-icons\">star_rate</span>\r\n        </span>\r\n    {{else}}\r\n        <span class=\"icon icon--ratingEmpty\">\r\n            <span class=\"material-icons\">star_border</span>\r\n        </span>\r\n    {{/if}}\r\n{{/for}}\r\n","components/products/reviews":"{{#if reviews.total}}\r\n<section class=\"productReviews\" id=\"product-reviews\" data-product-reviews>\r\n    <h4 class=\"toggle-title\">\r\n        {{lang 'products.reviews.header' total=reviews.total}}\r\n        {{!--<a class=\"toggleLink is-open\" data-collapsible href=\"#productReviews-content\">\r\n            <span class=\"toggleLink-text toggleLink-text--on\">\r\n                {{lang 'products.reviews.hide'}}\r\n            </span>\r\n            <span class=\"toggleLink-text toggleLink-text--off\">\r\n                {{lang 'products.reviews.show'}}\r\n            </span>\r\n        </a>--}}\r\n    </h4>\r\n    <div class=\"review-content\" id=\"productReviews-content\">\r\n       \r\n           \t\r\n        {{#if reviews.total '===' 1}}\r\n            <div class=\"total-reviews one\">\r\n        {{else if reviews.total '===' 2}}\r\n            <div class=\"total-reviews two\">\r\n        {{else if reviews.total '>=' 3}}\r\n            <div class=\"total-reviews three\">\r\n        {{/if}}\r\n        \r\n        <ul class=\"productReviews-list\" id=\"productReviews-list\">\r\n        {{#each reviews.list}}\r\n            <li class=\"productReview\">\r\n                <article itemprop=\"review\" itemscope itemtype=\"http://schema.org/Review\">\r\n                    <header>\r\n                        \r\n                        <h5 itemprop=\"name\" class=\"productReview-title\">{{ title }}</h5>\r\n                        <span class=\"productReview-rating rating--small\" itemprop=\"reviewRating\" itemscope itemtype=\"http://schema.org/Rating\">\r\n                            {{> components/products/ratings rating=rating}}\r\n                        <span class=\"productReview-ratingNumber\" itemprop=\"ratingValue\">{{ rating }}</span>\r\n                        </span>\r\n                        {{#if name}}\r\n                            <meta itemprop=\"author\" content=\"{{name}}\">\r\n                            <p class=\"productReview-author\">\r\n                                {{lang 'products.reviews.post_on_by' date=date name=name }}\r\n                            </p>\r\n                        {{else}}\r\n                            <p class=\"productReview-author\">\r\n                                {{lang 'products.reviews.post_on_by' date=date name=(lang 'products.reviews.anonymous_poster')}}\r\n                            </p>\r\n                        {{/if}}\r\n                    </header>\r\n                    <p itemprop=\"reviewBody\" class=\"productReview-body\">{{nl2br text}}</p>\r\n                </article>\r\n            </li>\r\n            {{/each}}\r\n        </ul>\r\n        </div>\r\n        {{> components/common/paginator pagination.reviews}}\r\n    </div>\r\n</section>\r\n{{/if}}\r\n","components/products/videos":"<section class=\"toggle videoGallery\" data-video-gallery>\r\n    {{!--<h4 class=\"toggle-title\">\r\n        {{lang 'products.videos.header'}}\r\n        <a href=\"#videoGallery-content\" class=\"toggleLink is-open\" data-collapsible>\r\n            <span class=\"toggleLink-text toggleLink-text--on\">\r\n                {{lang 'products.videos.hide'}}\r\n            </span>\r\n            <span class=\"toggleLink-text toggleLink-text--off\">\r\n                {{lang 'products.videos.show'}}\r\n            </span>\r\n        </a>\r\n    </h4>--}}\r\n\r\n    <div class=\"toggle-content is-open\" id=\"videoGallery-content\">\r\n        <div class=\"videoGallery-main\">\r\n            <iframe\r\n                id=\"player\"\r\n                class=\"lazyload\"\r\n                type=\"text/html\"\r\n                width=\"640\"\r\n                height=\"390\"\r\n                frameborder=\"0\"\r\n                webkitAllowFullScreen\r\n                mozallowfullscreen\r\n                allowFullScreen\r\n                data-src=\"//www.youtube.com/embed/{{this.featured.id}}\"\r\n                data-video-player>\r\n            </iframe>\r\n        </div>\r\n        <ul class=\"videoGallery-list\">\r\n        {{#each this.list}}\r\n            <li class=\"videoGallery-item\">\r\n                <a href=\"#\" class=\"video {{#if @first}}is-active{{/if}}\" data-video-item data-video-id=\"{{id}}\">\r\n                    <div class=\"video-figure\">\r\n                        <img class=\"lazyload\" data-sizes=\"auto\" src=\"{{cdn 'img/loading.svg'}}\" data-src=\"//i.ytimg.com/vi/{{id}}/default.jpg\"/>\r\n                    </div>\r\n                    <div class=\"video-body\">\r\n                        <h5 class=\"video-title\">{{title_long}}</h5>\r\n                        <p class=\"video-description\">{{description_short}}</p>\r\n                    </div>\r\n                </a>\r\n            </li>\r\n        {{/each}}\r\n        </ul>\r\n    </div>\r\n\r\n</section>\r\n"}
