{"components/amp/common/alert-error":"<div class=\"alertBox alertBox--error\">\n    <div class=\"alertBox-column alertBox-icon\">\n        <span class=\"icon\" aria-hidden=\"true\"><svg xmlns=\"http://www.w3.org/2000/svg\" width=\"24\" height=\"24\" viewBox=\"0 0 24 24\"><path d=\"M12 2C6.48 2 2 6.48 2 12s4.48 10 10 10 10-4.48 10-10S17.52 2 12 2zm1 15h-2v-2h2v2zm0-4h-2V7h2v6z\"></path></svg></span>\n    </div>\n    <p class=\"alertBox-column alertBox-message\">\n        <span>{{{this}}}</span>\n    </p>\n</div>\n","components/amp/common/alert-success":"<div class=\"alertBox alertBox--success\">\n    <div class=\"alertBox-column alertBox-icon\">\n        <span class=\"icon\" aria-hidden=\"true\"><svg xmlns=\"http://www.w3.org/2000/svg\" width=\"24\" height=\"24\" viewBox=\"0 0 24 24\"><path d=\"M12 2C6.48 2 2 6.48 2 12s4.48 10 10 10 10-4.48 10-10S17.52 2 12 2zm1 15h-2v-2h2v2zm0-4h-2V7h2v6z\"></path></svg></span>\n    </div>\n    <p class=\"alertBox-column alertBox-message\">\n        <span>{{{this}}}</span>\n    </p>\n</div>\n","components/amp/common/share":"{{#if settings.add_this.buttons}}\n    <ul class=\"socialLinks\" data-addthis:url=\"{{url}}\" data-addthis:title=\"{{title}}\">\n        {{#each settings.add_this.buttons}}\n            {{#all (if service '!==' 'google') (if service '!==' 'print') (if service '!==' 'facebook')}}\n                <li class=\"socialLinks-item socialLinks-item--{{service}}\">\n                    <amp-social-share class=\"amp-social-share\" data-vars-product-link=\"{{url}}\" data-vars-product-id=\"{{id}}\" data-vars-product-name=\"{{name}}\" data-vars-social-type=\"{{service}}\" type=\"{{service}}\"></amp-social-share>\n                </li>\n            {{/all}}\n        {{/each}}\n    </ul>\n{{/if}}\n","components/amp/products/product-view":"<div class=\"productView\">\n    {{#each product.reviews.messages}}\n        {{#if error}}\n            {{>components/amp/common/alert-error error}}\n        {{/if}}\n        {{#if success}}\n            {{>components/amp/common/alert-success success}}\n        {{/if}}\n    {{/each}}\n\n    {{> components/amp/products/product-view-details}}\n    <section class=\"productView-images\" data-image-gallery>\n        <amp-carousel width=\"250\"\n            height=\"250\"\n            layout=\"responsive\"\n            autoplay\n            delay=\"5000\"\n            type=\"slides\">\n            {{#each product.images}}\n                <amp-img src=\"{{getImage this 'product_size' (cdn ../theme_settings.default_image_product)}}\"\n                    width=\"250\"\n                    height=\"250\"\n                    layout=\"responsive\"\n                    alt=\"{{this.alt}}\">\n                </amp-img>\n            {{/each}}\n        </amp-carousel>\n    </section>\n    <div class=\"productView-action\">\n        {{#or customer (if theme_settings.restrict_to_login '!==' true)}}\n            <amp-iframe height=\"400\" width=\"250\"\n                layout=\"responsive\"\n                sandbox=\"allow-forms allow-pointer-lock allow-popups allow-same-origin allow-scripts allow-top-navigation allow-modals\"\n                resizable\n                src=\"{{product.amp_options_url}}\">\n                <div class=\"button button--primary button--wide\" overflow tabindex=\"0\" role=\"button\">Choose Options</div>\n            </amp-iframe>\n        {{/or}}\n        {{#if product.out_of_stock}}\n            {{#if product.out_of_stock_message}}\n                {{>components/amp/common/alert-error product.out_of_stock_message}}\n            {{else}}\n                {{>components/amp/common/alert-error (lang 'products.sold_out')}}\n            {{/if}}\n        {{/if}}\n    </div>\n\n    <amp-accordion class=\"productAccordion-wrapper\">\n        {{#if product.description}}\n            <section expanded class=\"productAccordion\">\n                <h4 class=\"productAccordion-title\">Description</h4>\n                <div class=\"productAccordion-content\">\n                    {{{product.description}}}\n                </div>\n            </section>\n        {{/if}}\n        {{#if product.videos.list.length}}\n            {{> components/amp/products/videos product.videos}}\n        {{/if}}\n        {{#if settings.show_product_reviews}}\n            {{> components/amp/products/reviews reviews=product.reviews product=product urls=urls}}\n        {{/if}}\n        {{#if settings.add_this.buttons}}\n            <section expanded class=\"productAccordion\">\n                <h4 class=\"productAccordion-title\">Share</h4>\n                <div class=\"productAccordion-content social-share\">\n                    {{> components/amp/common/share }}\n                </div>\n            </section>\n        {{/if}}\n    </amp-accordion>\n</div>\n","components/amp/products/product-view-details":"<section class=\"productView-details\">\n    <div class=\"productView-product\">\n        <h1 class=\"productView-title\" {{#if schema}}itemprop=\"name\"{{/if}}>{{product.title}}</h1>\n        {{#if product.brand }}\n        <h2 class=\"productView-brand\"{{#if schema}} itemprop=\"brand\" itemscope itemtype=\"http://schema.org/Brand\"{{/if}}>\n            <a href=\"{{product.brand.url}}\"{{#if schema}} itemprop=\"url\"{{/if}}><span{{#if schema}} itemprop=\"name\"{{/if}}>{{product.brand.name}}</span></a>\n        </h2>\n        {{/if}}\n        {{#if product.call_for_price}}\n            <p class=\"productView-price\">\n                <span>{{product.call_for_price}}</span>\n            </p>\n        {{/if}}\n        {{#if product.price}}\n            <div class=\"productView-price\">\n                {{> components/products/price price=product.price schema_org=schema}}\n            </div>\n        {{/if}}\n        {{product.detail_messages}}\n        {{#if settings.show_product_rating}}\n            {{> components/amp/products/ratings rating=product.rating}}\n        {{/if}}\n        <dl class=\"productView-info\">\n            {{#if product.sku}}\n                <dt class=\"productView-info-name\">{{lang 'products.sku'}}</dt>\n                <dd class=\"productView-info-value\" data-product-sku>{{product.sku}}</dd>\n            {{/if}}\n            {{#if product.upc}}\n                <dt class=\"productView-info-name\">{{lang 'products.upc'}}</dt>\n                <dd class=\"productView-info-value\" data-product-upc>{{product.upc}}</dd>\n            {{/if}}\n            {{#if product.condition}}\n                <dt class=\"productView-info-name\">{{lang 'products.condition'}}</dt>\n                <dd class=\"productView-info-value\">{{product.condition}}</dd>\n            {{/if}}\n            {{#if product.availability}}\n                <dt class=\"productView-info-name\">{{lang 'products.availability'}}</dt>\n                <dd class=\"productView-info-value\">{{product.availability}}</dd>\n            {{/if}}\n            {{#if product.weight}}\n                <dt class=\"productView-info-name\">{{lang 'products.weight'}}</dt>\n                <dd class=\"productView-info-value\" data-product-weight>{{product.weight}}</dd>\n            {{/if}}\n            {{#if product.min_purchase_quantity}}\n                <dt class=\"productView-info-name\">{{lang 'products.min_purchase_quantity'}}</dt>\n                <dd class=\"productView-info-value\">{{lang 'products.purchase_units' quantity=product.min_purchase_quantity}}</dd>\n            {{/if}}\n            {{#if product.max_purchase_quantity}}\n                <dt class=\"productView-info-name\">{{lang 'products.max_purchase_quantity'}}</dt>\n                <dd class=\"productView-info-value\">{{lang 'products.purchase_units' quantity=product.max_purchase_quantity}}</dd>\n            {{/if}}\n            {{#if product.gift_wrapping_available}}\n                <dt class=\"productView-info-name\">{{lang 'products.gift_wrapping'}}</dt>\n                <dd class=\"productView-info-value\">{{lang 'products.gift_wrapping_available'}}</dd>\n            {{/if}}\n            {{#if product.shipping}}\n                {{#if product.shipping.calculated}}\n                    <dt class=\"productView-info-name\">{{lang 'products.shipping'}}</dt>\n                    <dd class=\"productView-info-value\">{{lang 'products.shipping_calculated'}}</dd>\n                {{else}}\n                    {{#if product.shipping.price.value '===' 0}}\n                        <dt class=\"productView-info-name\">{{lang 'products.shipping'}}</dt>\n                        <dd class=\"productView-info-value\">{{lang 'products.shipping_free'}}</dd>\n                    {{else}}\n                        <dt class=\"productView-info-name\">{{lang 'products.shipping'}}</dt>\n                        <dd class=\"productView-info-value\">{{lang 'products.shipping_fixed' amount=product.shipping.price.formatted}}</dd>\n                    {{/if}}\n                {{/if}}\n            {{/if}}\n            {{#if product.bulk_discount_rates.length}}\n                <dt class=\"productView-info-name\">{{lang 'products.bulk_pricing.title'}}</dt>\n                <dd class=\"productView-info-value\">\n                    <a href=\"{{product.url}}\"\n                        {{#unless is_ajax }}data-reveal-id=\"bulkPricingModal\" {{/unless}}>\n                        {{lang 'products.bulk_pricing.view'}}\n                    </a>\n                </dd>\n\n                <div id=\"bulkPricingModal\" class=\"modal modal--small\" data-reveal>\n                    <div class=\"modal-header\">\n                        <h2 class=\"modal-header-title\">{{lang 'products.bulk_pricing.modal_title'}}</h2>\n                        <a href=\"#\" class=\"modal-close\" aria-label=\"Close\"><span aria-hidden=\"true\">&#215;</span></a>\n                    </div>\n                    <div class=\"modal-body\">\n                        <p>{{lang 'products.bulk_pricing.instructions'}}</p>\n                        <ul>\n                        {{#each product.bulk_discount_rates}}\n                            <li>\n                                {{lang 'products.bulk_pricing.range' min=min max=max}}\n                                {{#if type '===' 'percent'}}\n                                    {{lang 'products.bulk_pricing.percent' discount=discount.formatted}}\n                                {{else if type '===' 'fixed'}}\n                                    {{lang 'products.bulk_pricing.fixed' discount=discount.formatted}}\n                                {{else if type '===' 'price'}}\n                                    {{lang 'products.bulk_pricing.price' discount=discount.formatted}}\n                                {{/if}}\n                            </li>\n                        {{/each}}\n                        </ul>\n                    </div>\n                </div>\n            {{/if}}\n\n            {{#each product.custom_fields}}\n                <dt class=\"productView-info-name\">{{name}}:</dt>\n                <dd class=\"productView-info-value\">{{{value}}}</dd>\n            {{/each}}\n        </dl>\n    </div>\n</section>\n","components/amp/products/ratings":"{{#for 1 5}}\n    {{#if ../this.rating '>=' $index}}\n        <span class=\"icon icon--ratingFull\">\n            <svg xmlns=\"http://www.w3.org/2000/svg\" width=\"26\" height=\"28\" viewBox=\"0 0 26 28\"><path d=\"M0 10.11q0-.58.875-.72L8.72 8.25l3.515-7.11Q12.532.5 13 .5t.767.64l3.516 7.11 7.844 1.14q.875.14.875.72 0 .343-.406.75l-5.672 5.53 1.344 7.812q.016.11.016.313 0 .328-.164.555t-.477.227q-.297 0-.625-.187l-7.016-3.687-7.016 3.687q-.344.187-.625.187-.327 0-.49-.227t-.165-.555q0-.094.03-.313L6.08 16.39.392 10.86q-.39-.423-.39-.75z\"/></svg>\n        </span>\n    {{else}}\n        <span class=\"icon icon--ratingEmpty\">\n            <svg xmlns=\"http://www.w3.org/2000/svg\" width=\"26\" height=\"28\" viewBox=\"0 0 26 28\"><path d=\"M0 10.11q0-.58.875-.72L8.72 8.25l3.515-7.11Q12.532.5 13 .5t.767.64l3.516 7.11 7.844 1.14q.875.14.875.72 0 .343-.406.75l-5.672 5.53 1.344 7.812q.016.11.016.313 0 .328-.164.555t-.477.227q-.297 0-.625-.187l-7.016-3.687-7.016 3.687q-.344.187-.625.187-.327 0-.49-.227t-.165-.555q0-.094.03-.313L6.08 16.39.392 10.86q-.39-.423-.39-.75z\"/></svg>\n        </span>\n    {{/if}}\n{{/for}}\n","components/amp/products/reviews":"{{#if reviews.total}}\n    <section expanded class=\"productAccordion\">\n        <h4 class=\"productAccordion-title\">\n            {{lang 'products.reviews.header' total=reviews.total}}\n        </h4>\n        <div class=\"productAccordion-content\">\n            <ul class=\"productReviews-list\" id=\"productReviews-list\">\n                {{#each reviews.list}}\n                <li class=\"productReview\">\n                    <article itemprop=\"review\" itemscope itemtype=\"http://schema.org/Review\">\n                        <header>\n                            <span class=\"productReview-rating rating--small\" itemprop=\"reviewRating\" itemscope itemtype=\"http://schema.org/Rating\">\n                                {{> components/amp/products/ratings rating=rating}}\n                                <span class=\"productReview-ratingNumber\" itemprop=\"ratingValue\">{{ rating }}</span>\n                            </span>\n                            <h5 itemprop=\"name\" class=\"productReview-title\">{{ title }}</h5>\n                            {{#if name}}\n                                <meta itemprop=\"author\" content=\"{{name}}\">\n                                <p class=\"productReview-author\">\n                                    {{lang 'products.reviews.post_on_by' date=date name=name }}\n                                </p>\n                            {{else}}\n                                <p class=\"productReview-author\">\n                                    {{lang 'products.reviews.post_on_by' date=date name=(lang 'products.reviews.anonymous_poster')}}\n                                </p>\n                            {{/if}}\n                        </header>\n                        <p itemprop=\"reviewBody\" class=\"productReview-body\">{{nl2br text}}</p>\n                    </article>\n                </li>\n                {{/each}}\n            </ul>\n            {{> components/common/paginator pagination.reviews}}\n        </div>\n    </section>\n{{/if}}\n","components/amp/products/videos":"<section expanded class=\"productAccordion\" data-video-gallery>\n    <h4 class=\"productAccordion-title\">\n        {{lang 'products.videos.header'}}\n    </h4>\n    <div class=\"productAccordion-content\">\n        <amp-carousel width=\"640\"\n            height=\"490\"\n            layout=\"responsive\"\n            type=\"slides\">\n            {{#each this.list}}\n                <div>\n                    <div>\n                        <amp-youtube\n                            data-videoid=\"{{id}}\"\n                            layout=\"responsive\"\n                            width=\"640\"\n                            height=\"390\">\n                        </amp-youtube>\n                    </div>\n                    <div class=\"video-body\">\n                        <h5 class=\"video-title\">{{title_long}}</h5>\n                        <p class=\"video-description\">{{description_short}}</p>\n                    </div>\n                </div>\n            {{/each}}\n        </amp-carousel>\n    </div>\n</section>\n","components/common/paginator":"<div class=\"pagination\">\r\n    <ul class=\"pagination-list\">\r\n        {{#if previous}}\r\n            <li class=\"pagination-item pagination-item--previous\">\r\n                <a class=\"pagination-link\" href=\"{{previous}}\" {{#unless reload}}data-faceted-search-facet{{/unless}}>\r\n                    <i class=\"icon\" aria-hidden=\"true\">\r\n                        <svg>\r\n                            <use xmlns:xlink=\"http://www.w3.org/1999/xlink\" xlink:href=\"#icon-chevron-left\"></use>\r\n                        </svg>\r\n                    </i>\r\n                    {{!-- {{lang 'common.previous'}} --}}\r\n                </a>\r\n            </li>\r\n        {{/if}}\r\n        {{#each links}}\r\n            {{#if this.number '==' ../current}}\r\n                <li class=\"pagination-item pagination-item--current\">\r\n                    <a class=\"pagination-link\" href=\"{{this.url}}\" {{#unless reload}}data-faceted-search-facet{{/unless}}>{{this.number}}</a>\r\n                </li>\r\n            {{else}}\r\n                <li class=\"pagination-item\">\r\n                    <a class=\"pagination-link\" href=\"{{this.url}}\" {{#unless reload}}data-faceted-search-facet{{/unless}}>{{this.number}}</a>\r\n                </li>\r\n            {{/if}}\r\n        {{/each}}\r\n\r\n        {{#if next}}\r\n            <li class=\"pagination-item pagination-item--next\">\r\n                <a class=\"pagination-link\" href=\"{{next}}\" {{#unless reload}}data-faceted-search-facet{{/unless}}>\r\n                    {{!-- {{lang 'common.next'}} --}}\r\n                    <i class=\"icon\" aria-hidden=\"true\">\r\n                        <svg>\r\n                            <use xmlns:xlink=\"http://www.w3.org/1999/xlink\" xlink:href=\"#icon-chevron-right\"></use>\r\n                        </svg>\r\n                    </i>\r\n                </a>\r\n            </li>\r\n        {{/if}}\r\n    </ul>\r\n</div>\r\n","components/products/price":"{{!-- There are 2 code paths for generating the PDP pricing HTML determined by the following #and condition. \r\nIf a 'price_range' exists then we generate all HTML in price-range.html, otherwise it is defined here. Both code\r\npaths generate the same HTML structure with some differences in whether that element is displayed by default (css styling).\r\n\r\nIf you are making a change here or in price-range.html, you probably want to make that change in both files. --}}\r\n\r\n{{#and price.price_range (if theme_settings.price_ranges '==' true)}}\r\n    {{> components/products/price-range price=price schema_org=schema_org}}\r\n{{else}}\r\n    {{#if price.with_tax}}\r\n        <div class=\"price-section price-section--withTax rrp-price--withTax\" {{#unless price.rrp_with_tax}}style=\"display: none;\"{{/unless}}>\r\n            {{theme_settings.pdp-retail-price-label}}\r\n            <span data-product-rrp-with-tax class=\"price price--rrp\">\r\n                {{price.rrp_with_tax.formatted}}\r\n            </span>\r\n        </div>\r\n        \r\n        <div class=\"price-section price-section--withTax\" {{#if schema_org}}itemprop=\"offers\" itemscope itemtype=\"http://schema.org/Offer\"{{/if}}>\r\n            <span class=\"price-label\" {{#if price.non_sale_price_with_tax}}style=\"display: none;\"{{/if}}>\r\n                {{theme_settings.pdp-price-label}}\r\n            </span>\r\n            <span class=\"price-now-label\" {{#unless price.non_sale_price_with_tax}}style=\"display: none;\"{{/unless}}>\r\n                {{!--  {{theme_settings.pdp-sale-price-label}} --}}\r\n            </span>\r\n            <span data-product-price-with-tax class=\"price price--withTax\">{{price.with_tax.formatted}}</span>\r\n            {{#if schema_org}}\r\n                <meta itemprop=\"availability\" itemtype=\"http://schema.org/ItemAvailability\" \r\n                \tcontent=\"http://schema.org/{{#if product.pre_order}}PreOrder{{else if product.out_of_stock}}OutOfStock{{else if product.can_purchase '===' false}}OutOfStock{{else}}InStock{{/if}}\">\r\n                <meta itemprop=\"itemCondition\" itemtype=\"http://schema.org/OfferItemCondition\" content=\"http://schema.org/{{product.condition}}Condition\">\r\n                <meta itemprop=\"priceCurrency\" content=\"{{currency_selector.active_currency_code}}\">\r\n                <meta itemprop=\"url\" content=\"{{product.url}}\">\r\n                <div itemprop=\"priceSpecification\" itemscope itemtype=\"http://schema.org/PriceSpecification\">\r\n                    <meta itemprop=\"price\" content=\"{{price.with_tax.value}}\">\r\n                    <meta itemprop=\"priceCurrency\" content=\"{{currency_selector.active_currency_code}}\">\r\n                    <meta itemprop=\"valueAddedTaxIncluded\" content=\"true\">\r\n                </div>\r\n            {{/if}}\r\n            {{#if price.without_tax}}\r\n                <abbr title=\"{{lang 'products.including_tax'}}\">{{lang 'products.price_with_tax' tax_label=price.tax_label}}</abbr>\r\n            {{/if}}\r\n        </div>\r\n\t\t<div class=\"price-section price-section--withTax non-sale-price--withTax\" {{#unless price.non_sale_price_with_tax}}style=\"display: none;\"{{/unless}}>\r\n            {{!-- {{theme_settings.pdp-non-sale-price-label}}  --}}\r\n            <span data-product-non-sale-price-with-tax class=\"price price--non-sale\">\r\n                {{price.non_sale_price_with_tax.formatted}}\r\n            </span>\r\n        </div>\r\n    {{/if}}\r\n    {{#if price.without_tax}}\r\n        <div class=\"price-section price-section--withoutTax rrp-price--withoutTax{{#if price.with_tax}} price-section--minor{{/if}}\" {{#unless price.rrp_without_tax}}style=\"display: none;\"{{/unless}}>\r\n            {{theme_settings.pdp-retail-price-label}}\r\n            <span data-product-rrp-price-without-tax class=\"price price--rrp\"> \r\n                {{price.rrp_without_tax.formatted}}\r\n            </span>\r\n        </div>\r\n        <div class=\"price-section price-section--withoutTax non-sale-price--withoutTax{{#if price.with_tax}} price-section--minor{{/if}}\" {{#unless price.non_sale_price_without_tax}}style=\"display: none;\"{{/unless}}>\r\n            {{theme_settings.pdp-non-sale-price-label}}\r\n            <span data-product-non-sale-price-without-tax class=\"price price--non-sale\">\r\n                {{price.non_sale_price_without_tax.formatted}}\r\n            </span>\r\n        </div>\r\n        <div class=\"price-section price-section--withoutTax\" {{#if schema_org}}itemprop=\"offers\" itemscope itemtype=\"http://schema.org/Offer\"{{/if}}>\r\n            <span class=\"price-label\" {{#if price.non_sale_price_without_tax}}style=\"display: none;\"{{/if}}>\r\n                {{theme_settings.pdp-price-label}}\r\n            </span>\r\n            <span class=\"price-now-label\" {{#unless price.non_sale_price_without_tax}}style=\"display: none;\"{{/unless}}>\r\n                {{theme_settings.pdp-sale-price-label}}\r\n            </span>\r\n            <span data-product-price-without-tax class=\"price price--withoutTax{{#if price.with_tax}} price-section--minor{{/if}}\">{{price.without_tax.formatted}}</span>\r\n            {{#if schema_org}}\r\n                <meta itemprop=\"availability\" itemtype=\"http://schema.org/ItemAvailability\"\r\n                    content=\"http://schema.org/{{#if product.pre_order}}PreOrder{{else if product.out_of_stock}}OutOfStock{{else if product.can_purchase '===' false}}OutOfStock{{else}}InStock{{/if}}\">\r\n                <meta itemprop=\"itemCondition\" itemtype=\"http://schema.org/OfferItemCondition\" content=\"http://schema.org/{{product.condition}}Condition\">\r\n                <meta itemprop=\"priceCurrency\" content=\"{{currency_selector.active_currency_code}}\">\r\n                <meta itemprop=\"url\" content=\"{{product.url}}\">\r\n                <div itemprop=\"priceSpecification\" itemscope itemtype=\"http://schema.org/PriceSpecification\">\r\n                    <meta itemprop=\"price\" content=\"{{price.without_tax.value}}\">\r\n                    <meta itemprop=\"priceCurrency\" content=\"{{currency_selector.active_currency_code}}\">\r\n                    <meta itemprop=\"valueAddedTaxIncluded\" content=\"false\">\r\n                </div>\r\n            {{/if}}\r\n            {{#if price.with_tax}}\r\n                <abbr title=\"{{lang 'products.excluding_tax'}}\">{{lang 'products.price_without_tax' tax_label=price.tax_label}}</abbr>\r\n            {{/if}}\r\n        </div>\r\n    {{/if}}\r\n    {{#if page_type '===' 'product'}}\r\n         <div class=\"price-section price-section--saving price\" {{#unless price.saved}}style=\"display: none;\"{{/unless}}>\r\n                <span class=\"price\">{{lang 'products.you_save_opening_text'}}</span>\r\n                <span data-product-price-saved class=\"price price--saving\">\r\n                    {{price.saved.formatted}}\r\n                </span>\r\n                <span class=\"price\">{{lang 'products.you_save_closing_bracket'}}</span>\r\n         </div>\r\n    {{/if}}\r\n{{/and}}\r\n","components/products/price-range":"{{#and price.retail_price_range.min.with_tax price.retail_price_range.max.with_tax}}\r\n    <div class=\"price-section price-section--withTax rrp-price--withTax\">\r\n        {{theme_settings.pdp-retail-price-label}}\r\n        <span data-product-rrp-price-with-tax class=\"price price--rrp\">{{price.retail_price_range.min.with_tax.formatted}} - {{price.retail_price_range.max.with_tax.formatted}}</span>\r\n    </div>\r\n{{else}}\r\n    {{#if price.with_tax}}\r\n        <div class=\"price-section price-section--withTax rrp-price--withTax\" style=\"display: none;\">\r\n            {{theme_settings.pdp-retail-price-label}}\r\n            <span data-product-rrp-with-tax class=\"price price--rrp\">\r\n                {{price.rrp_with_tax.formatted}}\r\n            </span>\r\n        </div>\r\n    {{/if}}\r\n{{/and}}\r\n{{#and price.price_range.min.with_tax price.price_range.max.with_tax}}\r\n    {{!-- Never display the \"non-sales price\" if there is a price range to be shown, but we do want the element on the page --}}\r\n    <div class=\"price-section price-section--withTax non-sale-price--withTax\" style=\"display: none;\">\r\n        {{theme_settings.pdp-non-sale-price-label}}\r\n        <span data-product-non-sale-price-with-tax class=\"price price--non-sale\">\r\n            {{price.non_sale_price_with_tax.formatted}}\r\n        </span>\r\n    </div>\r\n    <div class=\"price-section price-section--withTax\" {{#if schema_org}}itemprop=\"offers\" itemscope itemtype=\"http://schema.org/Offer\"{{/if}}>\r\n        <span class=\"price-label\">{{theme_settings.pdp-price-label}}</span>\r\n        <span class=\"price-now-label\" style=\"display: none;\">{{theme_settings.pdp-sale-price-label}}</span>\r\n        <span data-product-price-with-tax class=\"price price--withTax\">{{price.price_range.min.with_tax.formatted}} - {{price.price_range.max.with_tax.formatted}}</span>\r\n        {{#and price.price_range.min.without_tax price.price_range.max.without_tax}}\r\n            <abbr title=\"{{lang 'products.including_tax'}}\">{{lang 'products.price_with_tax' tax_label=price.price_range.min.tax_label}}</abbr>\r\n        {{/and}}\r\n        {{#if schema_org}}\r\n            <meta itemprop=\"availability\" itemtype=\"http://schema.org/ItemAvailability\"\r\n                    content=\"http://schema.org/{{#if product.pre_order}}PreOrder{{else if product.out_of_stock}}OutOfStock{{else if product.can_purchase '===' false}}OutOfStock{{else}}InStock{{/if}}\">\r\n            <meta itemprop=\"itemCondition\" itemtype=\"http://schema.org/OfferItemCondition\" content=\"http://schema.org/{{product.condition}}Condition\">\r\n            <meta itemprop=\"priceCurrency\" content=\"{{currency_selector.active_currency_code}}\">\r\n            <meta itemprop=\"url\" content=\"{{product.url}}\">\r\n            <div itemprop=\"priceSpecification\" itemscope itemtype=\"http://schema.org/PriceSpecification\">\r\n                <meta itemprop=\"minPrice\" content=\"{{price_range.min.with_tax.value}}\"  />\r\n                <meta itemprop=\"price\" content=\"{{price_range.min.with_tax.value}}\">\r\n                <meta itemprop=\"maxPrice\" content=\"{{price_range.max.with_tax.value}}\"  />\r\n                <meta itemprop=\"priceCurrency\" content=\"{{currency_selector.active_currency_code}}\">\r\n                <meta itemprop=\"valueAddedTaxIncluded\" content=\"true\">\r\n            </div>\r\n        {{/if}}\r\n    </div>\r\n{{/and}}\r\n{{#and price.retail_price_range.min.without_tax price.retail_price_range.max.without_tax}}\r\n    <div class=\"price-section price-section--withoutTax rrp-price--withoutTax{{#if price.with_tax}} price-section--minor{{/if}}\">\r\n        {{theme_settings.pdp-retail-price-label}}\r\n        <span data-product-rrp-price-without-tax class=\"price price--rrp\">{{price.retail_price_range.min.without_tax.formatted}} - {{price.retail_price_range.max.without_tax.formatted}}</span>\r\n    </div>\r\n{{else}}\r\n    {{#if price.without_tax}}\r\n        <div class=\"price-section price-section--withoutTax rrp-price--withoutTax{{#if price.with_tax}} price-section--minor{{/if}}\" style=\"display: none;\">\r\n            {{theme_settings.pdp-retail-price-label}}\r\n            <span data-product-rrp-price-without-tax class=\"price price--rrp\">\r\n                {{price.rrp_without_tax.formatted}}\r\n            </span>\r\n        </div>\r\n    {{/if}}\r\n{{/and}}\r\n{{#and price.price_range.min.without_tax price.price_range.max.without_tax}}\r\n    {{!-- Never display the \"non-sales price\" if there is a price range to be shown, but we do want the element on the page --}}\r\n    <div class=\"price-section price-section--withoutTax non-sale-price--withoutTax{{#if price.with_tax}} price-section--minor{{/if}}\" style=\"display: none;\">\r\n        {{theme_settings.pdp-non-sale-price-label}}\r\n        <span data-product-non-sale-price-without-tax class=\"price price--non-sale\">\r\n            {{price.non_sale_price_without_tax.formatted}}\r\n        </span>\r\n    </div>\r\n    <div class=\"price-section price-section--withoutTax{{#and price_range.min.with_tax price_range.max.with_tax}} price-section--minor{{/and}}\" {{#if schema_org}}itemprop=\"offers\" itemscope itemtype=\"http://schema.org/Offer\"{{/if}}>\r\n        <span class=\"price-label\">{{theme_settings.pdp-price-label}}</span>\r\n        <span class=\"price-now-label\" style=\"display: none;\">{{theme_settings.pdp-sale-price-label}}</span>\r\n        <span data-product-price-without-tax class=\"price price--withoutTax\">{{price.price_range.min.without_tax.formatted}} - {{price.price_range.max.without_tax.formatted}}</span>\r\n        {{#and price.price_range.min.with_tax price.price_range.max.with_tax}}\r\n            <abbr title=\"{{lang 'products.excluding_tax'}}\">{{lang 'products.price_without_tax' tax_label=price.price_range.min.tax_label}}</abbr>\r\n        {{/and}}\r\n        {{#if schema_org}}\r\n            <meta itemprop=\"availability\" itemtype=\"http://schema.org/ItemAvailability\"\r\n                    content=\"http://schema.org/{{#if product.pre_order}}PreOrder{{else if product.out_of_stock}}OutOfStock{{else if product.can_purchase '===' false}}OutOfStock{{else}}InStock{{/if}}\">\r\n            <meta itemprop=\"itemCondition\" itemtype=\"http://schema.org/OfferItemCondition\" content=\"http://schema.org/{{product.condition}}Condition\">\r\n            <meta itemprop=\"priceCurrency\" content=\"{{currency_selector.active_currency_code}}\">\r\n            <meta itemprop=\"url\" content=\"{{product.url}}\">\r\n            <div itemprop=\"priceSpecification\" itemscope itemtype=\"http://schema.org/PriceSpecification\">\r\n                <meta itemprop=\"minPrice\" content=\"{{price.price_range.min.without_tax.value}}\"  />\r\n                <meta itemprop=\"price\" content=\"{{price.price_range.min.without_tax.value}}\">\r\n                <meta itemprop=\"maxPrice\" content=\"{{price.price_range.max.without_tax.value}}\"  />\r\n                <meta itemprop=\"priceCurrency\" content=\"{{currency_selector.active_currency_code}}\">\r\n                <meta itemprop=\"valueAddedTaxIncluded\" content=\"false\">\r\n            </div>\r\n        {{/if}}\r\n    </div>\r\n{{/and}}\r\n\r\n{{!-- Never display the \"saving price\" element by default if there is a price range on the page to be shown --}}\r\n{{#if page_type '===' 'product'}}\r\n     <div class=\"price-section price-section--saving price\" style=\"display: none;\">\r\n            <span class=\"price\">{{lang 'products.you_save_opening_text'}}</span>\r\n            <span data-product-price-saved class=\"price price--saving\">\r\n                {{price.saved.formatted}}\r\n            </span>\r\n            <span class=\"price\">{{lang 'products.you_save_closing_bracket'}}</span>\r\n     </div>\r\n{{/if}}\r\n"}
