{"components/category/shop-by-price":"{{#and theme_settings.shop_by_price_visibility shop_by_price}}\r\n    <div class=\"sidebarBlock\">\r\n        <h5 class=\"sidebarBlock-heading\">{{lang 'category.shop_by_price'}}</h5>\r\n        <ul class=\"navList\">\r\n            {{#each shop_by_price}}\r\n            <li class=\"navList-item\">\r\n                <a class=\"navList-action {{#if selected }} is-active {{/if}}\" href=\"{{url}}\" title=\"{{low.formatted}} - {{high.formatted}}\">{{low.formatted}} - {{high.formatted}}</a>\r\n            </li>\r\n            {{/each}}\r\n\r\n            {{#any shop_by_price selected=true}}\r\n                <li class=\"navList-item\">\r\n                    <a href=\"{{category_url}}\" class=\"navList-action\">\r\n                        {{lang 'category.reset'}}\r\n                    </a>\r\n                </li>\r\n            {{/any}}\r\n        </ul>\r\n    </div>\r\n{{/and}}\r\n","components/category/sidebar":"<nav>\r\n    {{#if category.subcategories}}\r\n    <div class=\"sidebarBlock subcategory\">\r\n        <h5 class=\"sidebarBlock-heading\">{{category.name}}</h5>\r\n        <ul class=\"navList\">\r\n            {{#each category.subcategories}}\r\n            <li class=\"navList-item\">\r\n                <a class=\"navList-action\" href=\"{{url}}\" title=\"{{name}}\">{{name}}</a>\r\n            </li>\r\n            {{/each}}\r\n        </ul>\r\n    </div>\r\n    {{/if}}\r\n\r\n    {{#if category.faceted_search_enabled}}\r\n        {{> components/faceted-search/index category}}\r\n    {{else}}\r\n        {{> components/category/shop-by-price shop_by_price=category.shop_by_price category_url=category.url}}\r\n    {{/if}}\r\n\r\n\t{{#if banners.bottom}}\r\n\t\t<div class=\"tt-left-banners\" data-banner-location=\"bottom\">\r\n\t\t\t<div class=\"banner\">\r\n\t\t\t\t{{{limit banners.bottom 1}}}\r\n\t\t\t</div>\r\n\t\t</div>\r\n\t{{/if}}\r\n\r\n\r\n\t{{!--<article class=\"column-left-info\">\r\n\t\t<h4 class=\"left-info-heading\">{{lang 'common.col_left_info'}}</h4>\r\n\t\t<ul class=\"left-info-list\">\r\n\t\t\t{{#each pages}}\r\n\t\t\t\t<li>\r\n\t\t\t\t\t<a href=\"{{url}}\">{{name}}</a>\r\n\t\t\t\t</li>\r\n\t\t\t{{/each}}\r\n\t\t\t<li>\r\n\t\t\t\t<a href=\"{{urls.sitemap}}\">{{lang 'sitemap.page_title'}}</a>\r\n\t\t\t</li>\r\n\t\t</ul>\r\n\t</article>--}}\r\n    \r\n    \r\n</nav>\r\n\r\n","components/faceted-search/facets/hierarchy":"{{#if items}}\n<div class=\"accordion-block\">\n    <div\n        class=\"accordion-navigation toggleLink {{#unless ../start_collapsed }} is-open {{/unless}}\"\n        role=\"button\"\n        data-collapsible=\"#facetedSearch-content--{{hyphenate facet }}\">\n        <h5 class=\"accordion-title\">\n            {{ title }}\n        </h5>\n\n        <div class=\"accordion-navigation-actions\">\n            {{#if selected}}\n                <a href=\"{{ remove_url }}\" class=\"facetedSearch-clearLink\" data-faceted-search-facet>{{lang 'search.faceted.clear'}}</a>\n            {{/if}}\n            <svg class=\"icon accordion-indicator toggleLink-text toggleLink-text--off\">\n                <use xlink:href=\"#icon-add\" />\n            </svg>\n            <svg class=\"icon accordion-indicator toggleLink-text toggleLink-text--on\">\n                <use xlink:href=\"#icon-remove\" />\n            </svg>\n        </div>\n    </div>\n\n    <div id=\"facetedSearch-content--{{hyphenate facet }}\" class=\"accordion-content {{#unless ../start_collapsed }} is-open {{/unless}}\">\n        <ul id=\"facetedSearch-navList--{{hyphenate facet }}\" class=\"navList\" data-facet=\"{{facet}}\" data-has-more-results=\"{{ has_more_results }}\">\n            {{#each items}}\n                <li class=\"navList-item\">\n                    <a\n                        href=\"{{ url }}\"\n                        class=\"navList-action navList-action--checkbox {{#if selected }} is-selected {{/if}} {{#if has_sub_categories }} has-children {{/if}}\"\n                        rel=\"nofollow\"\n                        data-id=\"{{ id }}\"\n                        data-faceted-search-facet>\n                        {{{ sanitize title }}}\n                        {{#if ../show_product_counts}}\n                            {{#if count}}\n                                <span>({{ count }})</span>\n                            {{/if}}\n                        {{/if}}\n                    </a>\n                    {{#if children}}\n                        {{> components/faceted-search/facets/hierarchy-children children}}\n                    {{/if}}\n                </li>\n            {{/each}}\n        </ul>\n\n        {{#if show_more_toggle}}\n            <a href=\"#facetedSearch-navList--{{hyphenate facet }}\" role=\"button\" class=\"toggleLink\">\n                <span class=\"toggleLink-text toggleLink-text--off\">{{lang 'search.faceted.show-more'}}</span>\n            </a>\n        {{/if}}\n    </div>\n</div>\n{{/if}}\n","components/faceted-search/facets/hierarchy-children":"<ul class=\"navList navList--inner\">\n    {{#each this}}\n        <li class=\"navList-item\">\n            <a\n            href=\"{{url}}\"\n            class=\"navList-action navList-action--checkbox {{#if selected }} is-selected {{/if}} {{#if has_sub_categories }} has-children {{/if}}\"\n            rel=\"nofollow\"\n            data-id=\"{{ id }}\"\n            data-faceted-search-facet>\n                {{{sanitize title}}}\n                {{#if ../show_product_counts}}\n                    {{#if count}}\n                        <span>({{count}})</span>\n                    {{/if}}\n                {{/if}}\n            </a>\n            {{#if children}}\n                {{> components/faceted-search/facets/hierarchy-children children}}\n            {{/if}}\n        </li>\n    {{/each}}\n</ul>\n","components/faceted-search/facets/multi":"{{#if items}}\n<div class=\"accordion-block\">\n    <div\n        class=\"accordion-navigation toggleLink {{#unless ../start_collapsed }} is-open {{/unless}}\"\n        role=\"button\"\n        data-collapsible=\"#facetedSearch-content--{{hyphenate facet }}\">\n        <h5 class=\"accordion-title\">\n            {{ title }}\n        </h5>\n\n        <div class=\"accordion-navigation-actions\">\n            {{#if selected}}\n                <a href=\"{{ remove_url }}\" class=\"facetedSearch-clearLink\" data-faceted-search-facet>{{lang 'search.faceted.clear'}}</a>\n            {{/if}}\n            <svg class=\"icon accordion-indicator toggleLink-text toggleLink-text--off\">\n                <use xlink:href=\"#icon-add\" />\n            </svg>\n            <svg class=\"icon accordion-indicator toggleLink-text toggleLink-text--on\">\n                <use xlink:href=\"#icon-remove\" />\n            </svg>\n        </div>\n    </div>\n\n    <div id=\"facetedSearch-content--{{hyphenate facet }}\" class=\"accordion-content {{#unless ../start_collapsed }} is-open {{/unless}}\">\n        <ul id=\"facetedSearch-navList--{{hyphenate facet }}\" data-facet=\"{{facet}}\" class=\"navList\" data-has-more-results=\"{{ has_more_results }}\">\n            {{#each items}}\n                <li class=\"navList-item\">\n                    <a\n                        href=\"{{ url }}\"\n                        class=\"navList-action navList-action--checkbox {{#if selected }} is-selected {{/if}}\"\n                        rel=\"nofollow\"\n                        data-faceted-search-facet>\n                        {{{ sanitize title }}}\n                        {{#if ../show_product_counts}}\n                            <span>({{ count }})</span>\n                        {{/if}}\n\n                        <span class=\"navList-action-close\" aria-hidden=\"true\">\n                            <svg class=\"icon\">\n                                <use xlink:href=\"#icon-close\"/>\n                            </svg>\n                        </span>\n                    </a>\n                </li>\n            {{/each}}\n        </ul>\n\n        {{#if show_more_toggle}}\n            <a href=\"#facetedSearch-navList--{{hyphenate facet }}\" role=\"button\" class=\"toggleLink\">\n                <span class=\"toggleLink-text toggleLink-text--off\">{{lang 'search.faceted.show-more'}}</span>\n            </a>\n        {{/if}}\n    </div>\n</div>\n{{/if}}\n","components/faceted-search/facets/range":"<div class=\"accordion-block\">\r\n    <div\r\n        class=\"accordion-navigation toggleLink {{#unless start_collapsed }} is-open {{/unless}}\"\r\n        role=\"button\"\r\n        data-collapsible=\"#facetedSearch-content--{{hyphenate facet }}\">\r\n        <h5 class=\"accordion-title\">\r\n            {{ title }}\r\n        </h5>\r\n\r\n        <div class=\"accordion-navigation-actions\">\r\n            {{#if selected}}\r\n                <a href=\"{{ remove_url }}\" class=\"facetedSearch-clearLink\" data-faceted-search-facet>{{lang 'search.faceted.clear'}}</a>\r\n            {{/if}}\r\n            <svg class=\"icon accordion-indicator toggleLink-text toggleLink-text--off\">\r\n                <use xlink:href=\"#icon-add\" />\r\n            </svg>\r\n            <svg class=\"icon accordion-indicator toggleLink-text toggleLink-text--on\">\r\n                <use xlink:href=\"#icon-remove\" />\r\n            </svg>\r\n        </div>\r\n    </div>\r\n\r\n    <div id=\"facetedSearch-content--{{hyphenate facet }}\" class=\"accordion-content {{#unless start_collapsed }} is-open {{/unless}}\">\r\n        <form id=\"facet-range-form\" class=\"form\" method=\"get\" data-faceted-search-range novalidate>\r\n            {{#each current_selected_items}}\r\n                <input type=\"hidden\" name=\"{{ param_name }}[]\" value=\"{{ param_value }}\"/>\r\n            {{/each}}\r\n            <input type=\"hidden\" name=\"search_query\" value=\"{{search_query}}\">\r\n            {{#if this.sort}}\r\n                <input type=\"hidden\" name=\"sort\" value={{this.sort}}>\r\n            {{/if}}\r\n            <fieldset class=\"form-fieldset\">\r\n                <div class=\"form-minMaxRow\">\r\n                    <div class=\"form-field\">\r\n                        <input\r\n                            name=\"min_price\"\r\n                            placeholder=\"{{lang 'search.faceted.range.min-placeholder'}}\"\r\n                            min=\"0\"\r\n                            class=\"form-input form-input--small\"\r\n                            required\r\n                            type=\"number\"\r\n                            value=\"{{ min_price }}\"\r\n                        />\r\n                    </div>\r\n\r\n                    <div class=\"form-field\">\r\n                        <input\r\n                            name=\"max_price\"\r\n                            placeholder=\"{{lang 'search.faceted.range.max-placeholder'}}\"\r\n                            min=\"0\"\r\n                            class=\"form-input form-input--small\"\r\n                            required\r\n                            type=\"number\"\r\n                            value=\"{{ max_price }}\"\r\n                        />\r\n                    </div>\r\n\r\n                    <div class=\"form-field\">\r\n                        <button class=\"button button--small\" type=\"submit\">\r\n                            {{lang 'search.faceted.range.update'}}\r\n                        </button>\r\n                    </div>\r\n                </div>\r\n\r\n                <div class=\"form-inlineMessage\"></div>\r\n            </fieldset>\r\n        </form>\r\n    </div>\r\n</div>\r\n","components/faceted-search/facets/rating":"{{#if items}}\n<div class=\"accordion-block\">\n    <div\n        class=\"accordion-navigation toggleLink {{#unless ../start_collapsed }} is-open {{/unless}}\"\n        role=\"button\"\n        data-collapsible=\"#facetedSearch-content--{{hyphenate facet }}\">\n        <h5 class=\"accordion-title\">\n            {{ title }}\n        </h5>\n\n        <div class=\"accordion-navigation-actions\">\n            {{#if selected}}\n                <a href=\"{{ remove_url }}\" class=\"facetedSearch-clearLink\" data-faceted-search-facet>{{lang 'search.faceted.clear'}}</a>\n            {{/if}}\n            <svg class=\"icon accordion-indicator toggleLink-text toggleLink-text--off\">\n                <use xlink:href=\"#icon-add\" />\n            </svg>\n            <svg class=\"icon accordion-indicator toggleLink-text toggleLink-text--on\">\n                <use xlink:href=\"#icon-remove\" />\n            </svg>\n        </div>\n    </div>\n\n    <div id=\"facetedSearch-content--{{hyphenate facet }}\" class=\"accordion-content facetedSearch-content--{{hyphenate facet}} {{#unless ../start_collapsed }} is-open {{/unless}}\">\n        <ul class=\"navList\">\n            {{#each items}}\n                <li class=\"navList-item\">\n                    <a href=\"{{ url }}\"\n                       class=\"navList-action {{#if selected }} is-selected {{/if}}\"\n                       rel=\"nofollow\"\n                       data-faceted-search-facet>\n                        <span class=\"rating--small\">\n                            {{> components/products/ratings rating=title}}\n                        </span>\n                        {{lang 'search.faceted.rating.and-up'}}\n                        {{#if ../show_product_counts}}\n                            <span>({{ count }})</span>\n                        {{/if}}\n                    </a>\n                </li>\n            {{/each}}\n        </ul>\n    </div>\n</div>\n{{/if}}\n","components/faceted-search/index":"<div id=\"facetedSearch\" class=\"facetedSearch\">\r\n    {{> components/faceted-search/selected-facets this.selected}}\r\n\r\n    <a href=\"#facetedSearch-navList\" role=\"button\" class=\"facetedSearch-toggle toggleLink\" data-collapsible>\r\n        <span class=\"facetedSearch-toggle-text\">\r\n            {{#if facets.length '>' 2}}\r\n                {{lang 'search.faceted.browse-by'}} {{ join (pluck facets 'title') ', ' limit=2 }} &amp; {{ toLowerCase (lang 'search.faceted.more') }}\r\n            {{/if}}\r\n\r\n            {{#if facets.length '<=' 2}}\r\n                {{lang 'search.faceted.browse-by'}} {{ join (pluck facets 'title') ', ' lastSeparator=' & ' }}\r\n            {{/if}}\r\n        </span>\r\n\r\n        <span class=\"facetedSearch-toggle-indicator\">\r\n            <span class=\"toggleLink-text toggleLink-text--on\">\r\n                {{lang 'search.faceted.hide-filters'}}\r\n\r\n                <i class=\"icon\" aria-hidden=\"true\">\r\n                    <svg><use xlink:href=\"#icon-keyboard-arrow-up\"/></svg>\r\n                </i>\r\n            </span>\r\n\r\n            <span class=\"toggleLink-text toggleLink-text--off\">\r\n                {{lang 'search.faceted.show-filters'}}\r\n\r\n                <i class=\"icon\" aria-hidden=\"true\">\r\n                    <svg><use xlink:href=\"#icon-keyboard-arrow-down\"/></svg>\r\n                </i>\r\n            </span>\r\n        </span>\r\n    </a>\r\n\r\n    {{#any facets visible=true}}\r\n        <div\r\n            id=\"facetedSearch-navList\"\r\n            class=\"facetedSearch-navList blocker-container\">\r\n            <div class=\"accordion accordion--navList\">\r\n                {{#each facets}}\r\n                    {{#if visible}}\r\n                        {{{dynamicComponent 'components/faceted-search/facets'}}}\r\n                    {{/if}}\r\n                {{/each}}\r\n            </div>\r\n\r\n            <div class=\"blocker\" style=\"display: none;\"></div>\r\n        </div>\r\n    {{/any}}\r\n</div>\r\n","components/faceted-search/selected-facets":"<div class=\"facetedSearch-refineFilters\">\r\n    <h5 class=\"sidebarBlock-heading\">\r\n        {{lang 'search.faceted.selected.title'}}\r\n    </h5>\r\n\t<div class=\"tt-facetedSearch-content\">\r\n    \t<div class=\"tt-facetedSearch-list\">\r\n            {{#if this.items}}\r\n                <ul class=\"inlineList inlineList--labels\">\r\n                    {{#each this.items}}\r\n                        <li>\r\n                            <a\r\n                                href=\"{{ url }}\"\r\n                                class=\"facetLabel\"\r\n                                rel=\"nofollow\"\r\n                                data-faceted-search-facet>\r\n                                {{#if facet '===' 'rating'}}\r\n                                    {{lang 'search.faceted.selected.rating-label' rating=title}}\r\n                                {{else}}\r\n                                    {{{ sanitize title }}}\r\n                                {{/if}}\r\n        \r\n                                <svg class=\"icon\">\r\n                                    <use xlink:href=\"#icon-close\" />\r\n                                </svg>\r\n                            </a>\r\n                        </li>\r\n                    {{/each}}\r\n                </ul>\r\n            {{else}}\r\n                {{lang 'search.faceted.selected.no-filters'}}\r\n            {{/if}}\r\n        \r\n            {{#if remove_all_url}}\r\n                <a href=\"{{ remove_all_url }}\" data-faceted-search-facet>\r\n                    {{lang 'search.faceted.selected.clear-all'}}\r\n                </a>\r\n            {{/if}}\r\n        </div>\r\n    </div>\r\n</div>\r\n","components/products/ratings":"{{#for 1 5}}\r\n    {{#if ../this.rating '>=' $index}}\r\n        <span class=\"icon icon--ratingFull\">\r\n            <span class=\"material-icons\">star_rate</span>\r\n        </span>\r\n    {{else}}\r\n        <span class=\"icon icon--ratingEmpty\">\r\n            <span class=\"material-icons\">star_border</span>\r\n        </span>\r\n    {{/if}}\r\n{{/for}}\r\n"}
