{"components/account/navigation":"<nav class=\"navBar navBar--sub navBar--account\">\n    <ul class=\"navBar-section\">\n        {{#if account_page '===' 'orders'}}\n            {{#if page_type '===' 'account_order'}}\n                <li class=\"navBar-item is-active\">\n                    <a class=\"navBar-action\" href=\"{{urls.account.orders.all}}\">{{lang 'account.nav.orders'}}</a>\n                </li>\n            {{else}}\n                <li class=\"navBar-item is-active\">{{lang 'account.nav.orders'}}</li>\n            {{/if}}\n        {{else}}\n            <li class=\"navBar-item\">\n                <a class=\"navBar-action\" href=\"{{urls.account.orders.all}}\">{{lang 'account.nav.orders'}}</a>\n            </li>\n        {{/if}}\n        {{#if settings.returns_enabled}}\n            {{#if account_page '===' 'returns'}}\n                <li class=\"navBar-item is-active\">{{lang 'account.nav.returns'}}</li>\n            {{else}}\n                <li class=\"navBar-item\">\n                    <a class=\"navBar-action\" href=\"{{urls.account.returns}}\">{{lang 'account.nav.returns'}}</a>\n                </li>\n            {{/if}}\n        {{/if}}\n        {{#if account_page '===' 'messages'}}\n            <li class=\"navBar-item is-active\">{{lang 'account.nav.messages' num_new_messages=customer.num_new_messages}}</li>\n        {{else}}\n            <li class=\"navBar-item\">\n                <a class=\"navBar-action\" href=\"{{urls.account.inbox}}\">{{lang 'account.nav.messages' num_new_messages=customer.num_new_messages}}</a>\n            </li>\n        {{/if}}\n        {{#if account_page '===' 'addresses'}}\n            <li class=\"navBar-item is-active\">{{lang 'account.nav.addresses'}}</li>\n        {{else}}\n            <li class=\"navBar-item\">\n                <a class=\"navBar-action\" href=\"{{urls.account.addresses}}\">{{lang 'account.nav.addresses'}}</a>\n            </li>\n        {{/if}}\n        {{#if settings.show_payment_methods}}\n            {{#if account_page '===' 'payment_methods'}}\n                <li class=\"navBar-item is-active\">{{lang 'account.nav.payment_methods'}}</li>\n            {{else}}\n                <li class=\"navBar-item\">\n                    <a class=\"navBar-action\" href=\"{{urls.account.payment_methods.all}}\">{{lang 'account.nav.payment_methods'}}</a>\n                </li>\n            {{/if}}\n        {{/if}}\n        {{#if settings.show_wishlist}}\n            {{#if account_page '===' 'wishlists'}}\n                <li class=\"navBar-item is-active\">{{lang 'account.nav.wishlists' num_wishlists=customer.num_wishlists}}</li>\n            {{else}}\n                <li class=\"navBar-item\">\n                    <a class=\"navBar-action\" href=\"{{urls.account.wishlists.all}}\">{{lang 'account.nav.wishlists' num_wishlists=customer.num_wishlists}}</a>\n                </li>\n            {{/if}}\n        {{/if}}\n        {{#if account_page '===' 'recent_items'}}\n            <li class=\"navBar-item is-active\">{{lang 'account.nav.recently_viewed'}}</li>\n        {{else}}\n            <li class=\"navBar-item\">\n                <a class=\"navBar-action\" href=\"{{urls.account.recent_items}}\">{{lang 'account.nav.recently_viewed'}}</a>\n            </li>\n        {{/if}}\n        {{#if account_page '===' 'settings'}}\n            <li class=\"navBar-item is-active\">{{lang 'account.nav.settings'}}</li>\n        {{else}}\n            <li class=\"navBar-item\">\n                <a class=\"navBar-action\" href=\"{{urls.account.details}}\">{{lang 'account.nav.settings'}}</a>\n            </li>\n        {{/if}}\n    </ul>\n</nav>\n","components/account/wishlist-item-list":"<ul class=\"productGrid\">\r\n    {{#each wishlist.items}}\r\n    <li class=\"product\">\r\n        {{> components/products/card id=product_id theme_settings=../theme_settings}}\r\n        \r\n        {{#if ../show_remove}}\r\n            <form action=\"{{remove_url}}\" class=\"form\" method=\"post\">\r\n                <input type=\"submit\" class=\"button button--small\" value=\"{{lang 'account.wishlists.remove_item'}}\" />\r\n            </form>\r\n        {{/if}}\r\n    </li>\r\n    {{/each}}\r\n</ul>\r\n","components/common/alert-info":"<div class=\"alertBox alertBox--info\">\n    <div class=\"alertBox-column alertBox-icon\">\n        <icon glyph=\"ic-success\" class=\"icon\" aria-hidden=\"true\"><svg xmlns=\"http://www.w3.org/2000/svg\" width=\"24\" height=\"24\" viewBox=\"0 0 24 24\"><path d=\"M12 2C6.48 2 2 6.48 2 12s4.48 10 10 10 10-4.48 10-10S17.52 2 12 2zm1 15h-2v-2h2v2zm0-4h-2V7h2v6z\"></path></svg></icon>\n    </div>\n    <p class=\"alertBox-column alertBox-message\">\n        <span>{{{this}}}</span>\n    </p>\n</div>\n","components/common/alert-modal":"<div id=\"alert-modal\" class=\"modal modal--alert modal--small\" data-reveal data-prevent-quick-search-close>\n    <div class=\"swal2-icon swal2-error swal2-icon-show\"><span class=\"swal2-x-mark\"><span class=\"swal2-x-mark-line-left\"></span><span class=\"swal2-x-mark-line-right\"></span></span></div>\n\n    <div class=\"modal-content\"></div>\n\n    <div class=\"button-container\"><button type=\"button\" class=\"confirm button\" data-reveal-close>OK</button></div>\n</div>\n","components/common/body":"<div class=\"body\" data-currency-code=\"{{currency_selector.active_currency_code}}\">\r\n    {{#block \"hero\"}} {{/block}}\r\n    <div class=\"home-content\">\r\n        {{#block \"page\"}} {{/block}}\r\n    </div>\r\n    {{> components/common/modal}}\r\n    {{> components/common/alert-modal}}\r\n</div>\r\n","components/common/breadcrumbs":"<div class=\"tt-breadcrumbs-main\">\r\n{{#unless theme_settings.hide_breadcrumbs }}\r\n    <div class=\"tt-breadcrumbs\">\r\n    \t<div class=\"container\">\r\n            {{#unless theme_settings.hide_page_heading }}\r\n                <h1 class=\"category-name\">\r\n                    {{#each breadcrumbs}}\r\n                        <span class=\"breadcrumb-title {{#if @last}}is-active{{/if}}\">\r\n                            {{#or @last (if url \"==\" null)}}\r\n                                <span class=\"breadcrumb-label\">{{name}}</span>\r\n                            {{/or}}\r\n                        </span>\r\n                    {{/each}}\r\n                </h1>\r\n            {{/unless}}\r\n            <ul class=\"breadcrumbs\" itemscope itemtype=\"http://schema.org/BreadcrumbList\">\r\n                {{#each breadcrumbs}}\r\n                    <li class=\"breadcrumb {{#if @last}}is-active{{/if}}\" itemprop=\"itemListElement\" itemscope itemtype=\"http://schema.org/ListItem\">\r\n                        {{#or @last (if url \"==\" null)}}\r\n                            <meta itemprop=\"item\" content=\"{{url}}\">\r\n                            <span class=\"breadcrumb-label\" itemprop=\"name\">{{name}}</span>\r\n                        {{else}}\r\n                            <a href=\"{{url}}\" class=\"breadcrumb-label\" itemprop=\"item\"><span itemprop=\"name\">{{name}}</span></a>\r\n                        {{/or}}\r\n                        <meta itemprop=\"position\" content=\"{{add @index 1}}\" />\r\n                    </li>\r\n                {{/each}}\r\n            </ul>\r\n         </div>\r\n    </div>\r\n{{/unless}}\r\n</div>\n","components/common/cookie":"<div class=\"cookieMessage\">\r\n    <div class=\"cookieMessage-container\">\r\n        <div class=\"cookieMessage-text\">\r\n            <p>{{settings.privacy_cookie}}</p>\r\n        </div>\r\n        <button class=\"button button--primary button--small\" data-privacy-accept>{{lang 'cookies.accept'}}</button>\r\n    </div>\r\n</div>\n","components/common/currency-selector":"\r\n{{!--  {{#if currency_selector.currencies.length '>' 1}}\r\n<ul class=\"navUser-section\">\r\n    <li class=\"navUser-item\">\r\n        <a class=\"navUser-action navUser-action--currencySelector has-dropdown\" href=\"#\" data-dropdown=\"currencySelection\" aria-controls=\"currencySelection\" aria-expanded=\"false\">{{lang 'common.currency' code=currency_selector.active_currency_code}} <i class=\"icon\" aria-hidden=\"true\"><svg><use xlink:href=\"#icon-chevron-down\" /></svg></i></a>\r\n        <ul class=\"dropdown-menu\" id=\"currencySelection\" data-dropdown-content aria-hidden=\"true\" tabindex=\"-1\">\r\n            {{#each currency_selector.currencies}}\r\n            <li class=\"dropdown-menu-item\">\r\n                <a href=\"{{{switch_url}}}\">\r\n                    {{#if is_active}}\r\n                    <strong>{{name}}</strong>\r\n                    {{else}}\r\n                    {{name}}\r\n                    {{/if}}\r\n                </a>\r\n            </li>\r\n            {{/each}}\r\n        </ul>\r\n    </li>\r\n</ul>\r\n{{/if}} --}}\r\n\r\n\r\n{{#if currency_selector.currencies.length '>' 1}}\r\n    <li class=\"navUser-item currency-menu\">\r\n        <a class=\"navUser-action tt-selected\" title=\"Currency Selector\" href=\"#\" aria-controls=\"currencySelection\" >\r\n            {{lang 'common.currency' code=currency_selector.active_currency_code}}\r\n        </a>\r\n        \r\n        <ul class=\"\" id=\"currencySelection\" data-dropdown-content aria-hidden=\"true\" tabindex=\"-1\">\r\n            {{#each currency_selector.currencies}}\r\n                <li class=\"menu-item\">\r\n                    <a class=\"currency-name-switcher\" href=\"{{{switch_url}}}\">\r\n                        {{#if is_active}}\r\n                            <strong>{{{flag}}} {{name}}</strong>\r\n                        {{else}}\r\n                            {{{flag}}} {{name}}\r\n                        {{/if}}\r\n                    </a>\r\n                </li>\r\n            {{/each}}\r\n        </ul>\r\n    </li>\r\n{{/if}}\r\n","components/common/footer":"\r\n<!-- START CMS BANNER BOTTOM DIV ---->\r\n{{#if banners.bottom}}\r\n    <div class=\"bottom-banner\">\r\n        <div class=\"container\">\r\n            <div class=\"banners\" data-banner-location=\"bottom\">\r\n                <div class=\"banner\">\r\n                    {{{limit banners.bottom 1}}}\r\n                </div>\r\n            </div>\r\n        </div>\r\n    </div>\r\n{{/if}}\r\n<!-- END CMS BANNER BOTTOM DIV ---->\r\n<footer class=\"footer\" role=\"contentinfo\">\r\n\t<div class=\"tt-subscription\">\r\n    \t<div class=\"container\">\r\n            <article class=\"full-subscription\" data-section-type=\"newsletterSubscription\">\r\n                {{#if settings.show_newsletter_box}}\r\n                    {{> components/common/subscription-form}}\r\n                {{/if}}\r\n            </article>\r\n        </div>\r\n    </div>\r\n    \r\n    <div class=\"tt-footer-link\">\r\n        <div class=\"container\">\r\n        <section class=\"footer-info\">\r\n\t\t\t<div class=\"storeinfo-payment footer-info-col\">\r\n                {{#if settings.address}}\r\n                    <article class=\"footer-info-col footer-info-col--small tt-storeInfo\" data-section-type=\"storeInfo\">\r\n                        <h5 class=\"footer-info-heading\">{{lang 'footer.info'}}</h5>\r\n                        <ul class=\"footer-info-list tt-address\">\r\n                        \t<li>\r\n                            <address class=\"tt-contact-info\">\r\n                                <span class=\"material-icons\">location_on</span>\r\n                                <div class=\"tt-address\">\r\n                                    {{nl2br settings.address}}\r\n                                </div>\r\n                            </address>\r\n                            </li>\r\n                            <li>\r\n                                <div class=\"email-img\">\r\n                                    <div class=\"content\"><span class=\"material-icons\">mail_outline</span><a href=\"mailto:\">{{lang 'footer.footer_email'}}</a></div>\r\n                                </div>\r\n                            </li>\r\n                            <li>\r\n                                <div class=\"tt-contact-number\">\r\n                                    {{#if settings.phone_number}}\r\n                                        <span class=\"material-icons\">local_phone</span>\r\n                                        <div class=\"tt-call\">\r\n                                            {{lang 'footer.call_us' phone_number=settings.phone_number}}\r\n                                        </div>\r\n                                    {{/if}}\r\n                                </div>\r\n                            </li>\r\n                            \r\n                        </ul>\r\n                    </article>\r\n                {{/if}}\r\n            </div>\r\n            <article class=\"footer-info-col footer-info-col--small tt-webPages\" data-section-type=\"footer-webPages\">\r\n                <h5 class=\"footer-info-heading\">{{lang 'footer.navigate'}}</h5>\r\n                <ul class=\"footer-info-list\">\r\n                    {{#each pages}}\r\n                        <li>\r\n                            <a href=\"{{url}}\">{{name}}</a>\r\n                        </li>\r\n                    {{/each}}\r\n                    <li>\r\n                        <a href=\"{{urls.sitemap}}\">{{lang 'sitemap.page_title'}}</a>\r\n                    </li>\r\n                </ul>\r\n            </article>\r\n\r\n            <article class=\"footer-info-col footer-info-col--small tt-categories\" data-section-type=\"footer-categories\">\r\n                <h5 class=\"footer-info-heading\">{{lang 'footer.categories'}}</h5>\r\n                <ul class=\"footer-info-list\">\r\n                    {{#each categories}}\r\n                        <li>\r\n                            <a href=\"{{url}}\">{{name}}</a>\r\n                        </li>\r\n                    {{/each}}\r\n                </ul>\r\n            </article>\r\n\r\n\t\t\t\r\n            {{#and theme_settings.shop_by_brand_show_footer shop_by_brand.length}}\r\n            <article class=\"footer-info-col footer-info-col--small tt-brands\" data-section-type=\"footer-brands\">\r\n                <h5 class=\"footer-info-heading\">{{lang 'footer.brands'}}</h5>\r\n                <ul class=\"footer-info-list\">\r\n                    {{#each shop_by_brand}}\r\n                        <li>\r\n                            <a href=\"{{url}}\">{{name}}</a>\r\n                        </li>\r\n                    {{/each}}\r\n                    <li><a href=\"{{urls.brands}}\">{{lang 'common.view_all'}}</a></li>\r\n                </ul>\r\n            </article>\r\n            {{/and}}\r\n            <div class=\"footer-sevices\">\r\n\t\t\t\t<div class=\"container\">\r\n\t\t\t\t\t<ul class=\"tt-sevices footerservices-carousel row\">\r\n\t\t\t\t\t\t <li>\r\n\t\t\t\t\t\t\t<div class=\"tt-shipping ttservice footer-info-heading\">\r\n\t\t\t\t\t\t\t\t<span class=\"material-icons\">airplanemode_active</span>\r\n\t\t\t\t\t\t\t\t<span class=\"service-title\">{{lang 'footer.free_shipping'}}<span>{{lang 'footer.free_shipping_subtitle'}}</span></span>\r\n\t\t\t\t\t\t\t</div>\r\n\t\t\t\t\t\t </li>\r\n                         <li>\r\n\t\t\t\t\t\t\t <div class=\"tt-discount ttservice footer-info-heading\">\r\n\t\t\t\t\t\t\t\t <span class=\"material-icons\">local_offer</span>\r\n\t\t\t\t\t\t\t\t <span class=\"service-title\">{{lang 'footer.discount'}}<span>{{lang 'footer.discount_subtitle'}}</span></span>\r\n\t\t\t\t\t\t\t </div>\r\n\t\t\t\t\t\t </li>\r\n\t\t\t\t\t\t <li>\r\n\t\t\t\t\t\t\t <div class=\"tt-support ttservice footer-info-heading\">\r\n\t\t\t\t\t\t\t\t<span class=\"material-icons\">headset_mic</span>\r\n\t\t\t\t\t\t\t\t<span class=\"service-title\">{{lang 'footer.best_support'}}<span>{{lang 'footer.best_support_subtitle'}}</span></span>\r\n\t\t\t\t\t\t\t</div>\r\n\t\t\t\t\t\t </li>\r\n                          <li>\r\n\t\t\t\t\t\t\t <div class=\"tt-support ttservice footer-info-heading\">\r\n\t\t\t\t\t\t\t\t<span class=\"material-icons\">monetization_on</span>\r\n\t\t\t\t\t\t\t\t<span class=\"service-title\">{{lang 'footer.big_saving'}}<span>{{lang 'footer.big_saving_subtitle'}}</span></span>\r\n\t\t\t\t\t\t\t</div>\r\n\t\t\t\t\t\t </li>\r\n\t\t\t\t\t </ul>\r\n\t\t\t\t </div>\r\n\t\t\t</div>\r\n       </section>\r\n       \r\n       <div class=\"footer-payment tt-payment\" data-section-type=\"footer-payment\">\r\n                {{> components/common/payment-icons}}\r\n            </div>\r\n           \r\n        {{#if theme_settings.geotrust_ssl_common_name}}\r\n            <div class=\"footer-geotrust-ssl-seal\">\r\n                {{> components/common/geotrust-ssl-seal}}\r\n            </div>\r\n        {{/if}}\r\n        </div>       \r\n    </div>\r\n    <div class=\"social-copyright footer-bottom\">\r\n    \t<div class=\"container\">\r\n            {{#if theme_settings.social_icon_placement_bottom '!==' 'bottom_none'}}\r\n                <article class=\"footer-info-col\r\n                    footer-info-col--social\r\n                    footer-info-col--{{#if theme_settings.social_icon_placement_bottom '===' 'bottom_left'}}left{{else}}right{{/if}}\"\r\n                    data-section-type=\"footer-webPages\">\r\n                        <h5 class=\"footer-info-heading\">{{lang 'social.connect'}}</h5>\r\n                        {{> components/common/social-links}}\r\n                </article>\r\n            {{/if}}\r\n            <div class=\"tt-copyright {{#if theme_settings.social_icon_placement_bottom '===' 'bottom_left'}}tt-right{{else}}tt-left{{/if}}\">\r\n            {{#if theme_settings.show_powered_by}}\r\n                <div class=\"footer-copyright\">\r\n                    <p class=\"powered-by\">Powered by <a href=\"https://www.bigcommerce.com?utm_source=merchant&amp;utm_medium=poweredbyBC\" rel=\"nofollow\">BigCommerce</a></p>\r\n                </div>\r\n            {{/if}}\r\n            {{#if theme_settings.show_copyright_footer}}\r\n                <div class=\"footer-copyright\">\r\n                    <p class=\"powered-by\">&copy; {{moment format=\"YYYY\"}} {{settings.store_name}} </p>\r\n                </div>\r\n            {{/if}}\r\n            </div>\r\n        </div>\r\n    </div>\r\n</footer>\r\n\r\n\r\n<!-- Start ScrollToTop  -->\r\n\t<a href=\"#\" class=\"scrollToTop\" title=\"{{lang 'common.backtotop'}}\" style=\"display:none\"> \r\n\t\t<span class=\"material-icons\">keyboard_arrow_up</span>\r\n\t</a>\r\n<!-- End ScrollToTop  -->\r\n \r\n <script>\r\n\r\n  $('.quickSearchResults').on('click', function() {\r\n    // console.log('click-close');\r\n    $('.quickSearchResults').fadeOut();\r\n  });\r\n\r\n    $(document).on('click', '.quickSearchResults .modal-close', function() {\r\n      // console.log('click-close');\r\n      $('.quickSearchResults').fadeOut();\r\n    });\r\n\r\n    $('.dropdown--quickSearch .form-input').on('click', function() {\r\n      $('.quickSearchResults').fadeIn();\r\n    });\r\n\r\n        </script>\r\n","components/common/geotrust-ssl-seal":"<table width=\"135\" border=\"0\" cellpadding=\"2\" cellspacing=\"0\" title=\"Click to Verify - This site chose GeoTrust SSL for secure e-commerce and confidential communications.\">\n    <tr>\n        <td width=\"135\" align=\"center\" valign=\"top\">\n            <script type=\"text/javascript\" src=\"https://seal.geotrust.com/getgeotrustsslseal?host_name={{theme_settings.geotrust_ssl_common_name}}&amp;size={{theme_settings.geotrust_ssl_seal_size}}&amp;lang={{locale_name}}\"></script><br />\n            <a href=\"http://www.geotrust.com/ssl/\" target=\"_blank\"  style=\"color:#000000; text-decoration:none; font:bold 7px verdana,sans-serif; letter-spacing:.5px; text-align:center; margin:0px; padding:0px;\"></a>\n        </td>\n    </tr>\n</table>\n","components/common/header":"<header class=\"header\" role=\"banner\">\r\n\t<div class=\"header-top\">\r\n\t\t<div class=\"container\">\r\n\t\t\t<div class=\"tt-header-cms\">\r\n\t\t\t\t<div class=\"content\"><span class=\"material-icons\">local_offer</span>{{lang 'header.heatercmstext'}}</div>\r\n\t\t\t</div>\r\n\t\t\t{{#if settings.gift_certificates_enabled}}\r\n\t\t\t\t<div class=\"tt-giftcard\">\r\n\t\t\t\t\t<span class=\"material-icons\">card_giftcard</span>\r\n\t\t\t\t\t<a class=\"giftcard\" href=\"{{urls.gift_certificate.purchase}}\">{{lang 'common.gift_cert'}}</a>\r\n\t\t\t\t</div>\r\n\t\t\t{{/if}}\r\n\t\t\t<div class=\"email-id\">\r\n\t\t\t\t<div class=\"content\"><span class=\"material-icons\">mail_outline</span><a href=\"mailto:\">{{lang 'footer.footer_email'}}</a></div>\r\n\t\t\t</div>\r\n\t\t</div>\r\n\t</div>\r\n\t<div class=\"header-center full-header\">\r\n        <div class=\"container\">\r\n            <a href=\"#\" class=\"mobileMenu-toggle\" data-mobile-menu-toggle=\"menu\">\r\n                <span class=\"mobileMenu-toggleIcon\">Toggle menu</span>\r\n            </a>\r\n            \r\n            {{#if page_type '===' 'default'}}\r\n                <h1 class=\"header-logo header-logo--{{theme_settings.logo-position}}\">\r\n                    {{> components/common/store-logo}}\r\n                </h1>\r\n            {{else}}\r\n                <div class=\"header-logo header-logo--{{theme_settings.logo-position}}\">\r\n                    {{> components/common/store-logo}}\r\n                </div>\r\n            {{/if}}\r\n              \r\n             {{> components/common/navigation}}    \r\n                \r\n             {{#if settings.phone_number}}\r\n                <div class=\"tt-phone-number\">\r\n                    <div class=\"contact-icon\">\r\n                        <span class=\"material-icons\">phone_in_talk</span>\r\n                    </div>\r\n                    <div class=\"content\">\r\n                        <a href=\"tel:09277077088\">{{settings.phone_number}}</a>\r\n                    </div>\r\n                </div>\r\n            {{/if}}\t \r\n            \r\n\t\t\t <div class=\"navUser-item ttquicksearch\">\r\n                {{> components/common/quick-search}}\r\n            </div>\t\r\n            \r\n            \r\n           \r\n            \r\n        </div>\r\n    </div>\r\n    <div class=\"header-bottom\">\r\n        <div class=\"container\">\r\n            <div class=\"tt-header-content\">\r\n                <div class=\"tt-menu navPages-container col-3\" id=\"menu\" data-menu >\r\n                    {{> components/common/navigation-menu}}\r\n                </div>\r\n                \r\n                <div class=\"tt-menu-link\" id=\"menu-link\" >\t\r\n                    {{#unless theme_settings.hide_content_navigation}}\r\n                        {{#each pages}}\r\n                             <div class=\"navPages-item-page\">\r\n                                 <a class=\"link-action{{#if name '==' ../page.title}} activePage{{/if}}\" href=\"{{url}}\">{{name}}</a>\r\n                             </div>\r\n                         {{/each}}\r\n                    {{/unless}}\r\n                </div>\r\n               <div class=\"offer-heading\">\r\n\t\t\t\t\t<div class=\"content\">\r\n                    \t<marquee behavior=\"scroll\" direction=\"left\" onmouseover=\"this.stop();\" onmouseout=\"this.start();\">\r\n                    \t\t<span class=\"material-icons\">card_giftcard</span>{{lang 'header.offer_heading'}}\r\n                        </marquee>\r\n                   </div>\r\n\t\t\t\t</div>\r\n            \r\n            </div>\r\n        </div>\r\n    </div>\r\n</header>\r\n{{{region name=\"header_bottom\"}}}\r\n","components/common/login-for-pricing":"<p translate>Log in for pricing</p>\n","components/common/modal":"<div id=\"modal\" class=\"modal\" data-reveal data-prevent-quick-search-close>\n    <a href=\"#\" class=\"modal-close\" aria-label=\"{{lang 'common.close'}}\" role=\"button\">\n        <span aria-hidden=\"true\">&#215;</span>\n    </a>\n    <div class=\"modal-content\"></div>\n    <div class=\"loadingOverlay\"></div>\n</div>\n","components/common/navigation":"<nav class=\"navUser\">\r\n    <ul class=\"navUser-section navUser-section--alt\">\r\n    \t<li class=\"navUser-item btn-compare\">\r\n            <a class=\"navUser-action navUser-item--compare\" href=\"{{urls.compare}}\" data-compare-nav>\r\n            \t<span class=\"material-icons\">sync</span><span class=\"countPill countPill--positive countPill--alt\"></span>\r\n                <span class=\"wishlist-text\">{{lang 'common.compare'}}</span>\r\n            </a>\r\n        </li>\r\n\t\t<li class=\"navUser-item navUser-item--wishlist\">\r\n\t\t\t<a data-wishlist class=\"tt-wishlist\" href=\"/wishlist.php\" title=\"{{lang 'account.mobile_nav.wishlists'}}\">\r\n\t\t\t\t<span class=\"material-icons\">favorite_border</span>\r\n\t\t\t\t<span class=\"compare-text\"> {{lang 'Wishlist'}}</span>\r\n\t\t\t</a>\r\n\t\t</li>\r\n\t\t<li class=\"tt-user-info\">\r\n\t\t\t<div class=\"account-link-title\" title=\"{{lang 'common.myaccount'}}\"> \r\n\t\t\t\t<span class=\"material-icons\">perm_identity</span>\r\n\t\t\t</div>\r\n\t\t\t<ul class=\"dropdown-menu dropdown-menu-right account-link-toggle\">\r\n\t\t\t\t<li class=\"navUser-item navUser-item--account\">\r\n\t\t\t\t\t{{#if customer}}\r\n\t\t\t\t\t\t<a class=\"navUser-action\" href=\"{{urls.account.index}}\">\r\n\t\t\t\t\t\t\t<span class=\"material-icons\">person</span>\r\n\t\t\t\t\t\t\t{{lang 'common.account'}}\r\n\t\t\t\t\t\t</a>\r\n\t\t\t\t\t\t<a class=\"navUser-action\" href=\"{{urls.auth.logout}}\">\r\n\t\t\t\t\t\t\t<span class=\"material-icons\">lock_open</span>\r\n\t\t\t\t\t\t\t{{lang 'common.logout'}}\r\n\t\t\t\t\t\t</a>\r\n\t\t\t\t\t{{else}}\r\n\t\t\t\t\t\t<a class=\"navUser-action\" href=\"{{urls.auth.login}}\">\r\n\t\t\t\t\t\t\t<span class=\"material-icons\">lock_open</span>\r\n\t\t\t\t\t\t\t{{lang 'common.login'}}\r\n\t\t\t\t\t\t</a>\r\n\t\t\t\t\t\t{{#if settings.account_creation_enabled}}\r\n\t\t\t\t\t\t\t{{!-- <span class=\"navUser-or\">{{lang 'common.or'}}</span> --}}\r\n\t\t\t\t\t\t\t<a class=\"navUser-action\" href=\"{{urls.auth.create_account}}\">\r\n\t\t\t\t\t\t\t\t<span class=\"material-icons\">person</span>\r\n\t\t\t\t\t\t\t\t{{lang 'common.sign_up'}}\r\n\t\t\t\t\t\t\t</a>\r\n\t\t\t\t\t\t{{/if}}\r\n\t\t\t\t\t{{/if}}\r\n\t\t\t\t</li>\r\n\t\t\t\t\r\n\t\t\t\t<li>{{> components/common/currency-selector}}</li>\r\n\t\t\t\t\r\n\t\t\t  {{#if customer.store_credit.value '>' 0}}\r\n\t\t\t\t\t<li class=\"navUser-item\">\r\n\t\t\t\t\t\t<a class=\"navUser-action navUser-action--storeCredit\"\r\n\t\t\t\t\t\t   data-dropdown=\"storeCredit-dropdown\"\r\n\t\t\t\t\t\t   data-options=\"align:bottom\"\r\n\t\t\t\t\t\t   href=\"{{urls.cart}}\">\r\n\t\t\t\t\t\t\t\t<span class=\"navUser-action-divider\">{{lang 'common.store_credit_overview' credit=customer.store_credit.formatted}}</span>\r\n\t\t\t\t\t\t</a>\r\n\t\t\t\t\t\t<div class=\"dropdown-menu\" id=\"storeCredit-dropdown\" data-dropdown-content aria-hidden=\"true\">\r\n\t\t\t\t\t\t\t{{{lang 'common.store_credit' store_credit=customer.store_credit.formatted}}}\r\n\t\t\t\t\t\t</div>\r\n\t\t\t\t\t</li>\r\n\t\t\t\t{{/if}}\r\n\r\n\t\t\t\r\n\t\t\t\t{{#if theme_settings.social_icon_placement_top}}\r\n\t\t\t\t\t<li class=\"navUser-item navUser-item--social\">\r\n\t\t\t\t\t\t{{> components/common/social-links}}\r\n\t\t\t\t\t</li>\r\n\t\t\t\t\t{{!-- <li class=\"navUser-item navUser-item--divider\">|</li> --}}\r\n\t\t\t\t{{/if}}\r\n\t\t\t\t{{!--\r\n\t\t\t\t<li class=\"navUser-item\">\r\n\t\t\t\t\t<a class=\"navUser-action navUser-action--quickSearch\" href=\"#\" data-search=\"quickSearch\" aria-controls=\"quickSearch\" aria-expanded=\"false\">{{lang 'common.search'}}</a>\r\n\t\t\t\t\t<div class=\"dropdown dropdown--quickSearch\" id=\"quickSearch\" aria-hidden=\"false\" tabindex=\"-1\" data-prevent-quick-search-close>\r\n\t\t\t\t\t\t{{> components/common/quick-search}}\r\n\t\t\t\t\t</div>\r\n\t\t\t\t</li>\r\n\t\t\t\t  --}}\r\n\t\t\t</ul>\r\n\t\t</li>\r\n        <li class=\"navUser-item navUser-item--cart\">\r\n            <a\r\n                class=\"navUser-action\"\r\n                title=\"{{lang 'common.cart'}}\"\r\n                data-cart-preview\r\n                data-dropdown=\"cart-preview-dropdown\"\r\n                data-options=\"align:right\"\r\n                href=\"{{urls.cart}}\">\r\n\t\t\t\t<span class=\"material-icons\">shopping_cart</span>\r\n                <span class=\"navUser-item-cartLabel\">{{lang 'common.cart'}}</span> <span class=\"countPill cart-quantity\"></span>\r\n            </a>\r\n\r\n            <div class=\"dropdown-menu\" id=\"cart-preview-dropdown\" data-dropdown-content aria-hidden=\"true\"></div>\r\n        </li>\r\n    </ul>\r\n    <!--<div class=\"dropdown dropdown--quickSearch\" id=\"quickSearch\" aria-hidden=\"true\" tabindex=\"-1\" data-prevent-quick-search-close>-->\r\n   {{!-- {{> components/common/quick-search}} --}}\r\n    <!--</div>-->\r\n</nav>\r\n","components/common/navigation-dropdown":"<div class=\"navPage-subMenu navPage-subMenu-horizontal\" id=\"navPages-{{id}}\" aria-hidden=\"true\" tabindex=\"-1\">\r\n    <ul class=\"navPage-subMenu-list\">\r\n       \r\n        {{#each children}}\r\n            <li class=\"navPage-subMenu-item-child\">\r\n                {{#if children}}\r\n                    <a class=\"navPage-subMenu-action navPages-action navPages-action-depth-max has-subMenu{{#if is_active}} activePage{{/if}}\" href=\"{{url}}\">\r\n                        {{name}} \r\n                        <span class=\"material-icons tt-right-arrow navPages-action-moreIcon\" aria-hidden=\"true\" data-collapsible=\"navPages-{{id}}\">keyboard_arrow_down</span>\r\n                    </a>\r\n                    {{> components/common/navigation-dropdown}}\r\n                {{else}}\r\n                    <a class=\"navPage-subMenu-action navPages-action{{#if is_active}} activePage{{/if}}\" href=\"{{url}}\">{{name}}</a>\r\n                {{/if}}\r\n            </li>\r\n        {{/each}}\r\n    </ul>\r\n</div>\r\n","components/common/navigation-list":"{{#if children}}\r\n{{!--<a class=\"navPages-action has-subMenu{{#if is_active}} activePage{{/if}}\" href=\"{{url}}\" data-collapsible=\"navPages-{{id}}\"> --}}\r\n<a class=\"navPages-action has-subMenu{{#if is_active}} activePage{{/if}}\" href=\"{{url}}\">\r\n    <span class=\"material-icons tt-left-arrow\">arrow_forward</span>\r\n    {{name}}\r\n    <span class=\"material-icons tt-right-arrow\"  data-collapsible=\"navPages-{{id}}\">keyboard_arrow_down</span>\r\n</a>\r\n<div class=\"navPage-subMenu\" id=\"navPages-{{id}}\" aria-hidden=\"true\" tabindex=\"-1\">\r\n    <ul class=\"navPage-subMenu-list grid-2\">\r\n        {{!--<li class=\"navPage-subMenu-item\">\r\n            <a class=\"navPage-subMenu-action navPages-action\" href=\"{{url}}\">{{lang 'category.view_all.name' category=name}}</a>\r\n        </li>--}}\r\n        {{#each children}}\r\n            <li class=\"navPage-subMenu-item\">\r\n                {{#if children}}\r\n                    <a\r\n                        class=\"navPage-subMenu-action navPages-action has-subMenu{{#if is_active}} activePage{{/if}}\"\r\n                        href=\"{{url}}\">\r\n                        {{name}} <span class=\"material-icons tt-right-arrow\"  data-collapsible=\"navPages-{{id}}\">keyboard_arrow_down</span>\r\n                    </a>\r\n                    <ul class=\"navPage-childList\" id=\"navPages-{{id}}\">\r\n                        {{#each children}}\r\n                         \r\n                        <li class=\"navPage-childList-item\">\r\n                            <a class=\"navPage-childList-action navPages-action{{#if is_active}} activePage{{/if}}\" href=\"{{url}}\">{{name}}</a>\r\n                        </li>\r\n                        {{/each}}\r\n                    </ul>\r\n                {{else}}\r\n                    <a class=\"navPage-subMenu-action navPages-action{{#if is_active}} activePage{{/if}}\" href=\"{{url}}\">{{name}}</a>\r\n                {{/if}}\r\n            </li>\r\n        {{/each}}\r\n    </ul>\r\n</div>\r\n{{else}}\r\n<a class=\"navPages-action{{#if is_active}} activePage{{/if}}\" href=\"{{url}}\">\r\n\t<span class=\"material-icons tt-left-arrow\">arrow_forward</span>\r\n\t{{name}}\r\n</a>\r\n{{/if}}\r\n","components/common/navigation-list-alternate":"{{#if children}}\r\n    <a class=\"navPages-action navPages-action-depth-max has-subMenu is-root{{#if is_active}} activePage{{/if}}\" href=\"{{url}}\" >\r\n    \t<span class=\"material-icons tt-left-arrow\">arrow_forward</span>  \r\n        {{name}}\r\n        <span class=\"material-icons tt-right-arrow\" data-collapsible=\"navPages-{{id}}\">keyboard_arrow_down</span>\r\n    </a>\r\n    {{> components/common/navigation-dropdown}}\r\n{{else}}\r\n    <a class=\"navPages-action{{#if is_active}} activePage{{/if}}\" href=\"{{url}}\"><span class=\"material-icons tt-left-arrow\">arrow_forward</span>  {{name}}</a>\r\n{{/if}}\r\n","components/common/navigation-menu":"<nav class=\"navPages\">\r\n\t<div class=\"ttcat-title\"><!-- InnerSearch -->\r\n       <span class=\"material-icons\">menu</span>\r\n\t   <span class=\"cat-title\">shop by categories</span>\r\n    </div>\r\n    <ul class=\"navPages-list cat-Menu-toggle {{#if theme_settings.navigation_design '!==' 'simple'}} navPages-list-depth-max{{else}}navPages-list-simple{{/if}}\">\r\n        <li class=\"navPages-item navPages-item-page\">\r\n            <a class=\"navPages-action{{!-- {{#if name '==' ../page.title}} activePage{{/if}} --}}\" href=\"{{urls.home}}\">{{lang 'home.heading'}}</a>\r\n        </li>\r\n        {{#each categories}}\r\n            <li class=\"navPages-item\">\r\n            {{#if ../theme_settings.navigation_design '===' 'simple'}}\r\n                {{> components/common/navigation-list}}\r\n            {{/if}}\r\n            {{#if ../theme_settings.navigation_design '===' 'alternate'}}\r\n                {{> components/common/navigation-list-alternate}}\r\n            {{/if}}\r\n            </li>\r\n        {{/each}}\r\n       {{#unless theme_settings.hide_content_navigation}}\r\n            {{#each pages}}\r\n                 <li class=\"navPages-item navPages-item-page\">\r\n                     <a class=\"navPages-action{{#if name '==' ../page.title}} activePage{{/if}}\" href=\"{{url}}\"><span class=\"material-icons tt-left-arrow\">arrow_forward</span>{{name}}</a>\r\n                 </li>\r\n             {{/each}}\r\n        {{/unless}} \r\n    </ul>\r\n    \r\n    {{!--\r\n        \r\n    <ul class=\"navPages-list{{#if theme_settings.navigation_design '!==' 'simple'}} navPages-list-depth-max{{else}}navPages-list-simple{{/if}}\">\r\n        {{#if currency_selector.currencies.length '>' 1}}\r\n            <li class=\"navPages-item\">\r\n                <a class=\"navPages-action has-subMenu\" href=\"#\" data-collapsible=\"navPages-currency\" aria-controls=\"navPages-currency\" aria-expanded=\"false\">\r\n                    {{lang 'common.currency' code=currency_selector.active_currency_code}} <i class=\"icon navPages-action-moreIcon\" aria-hidden=\"true\"><svg><use xmlns:xlink=\"http://www.w3.org/1999/xlink\" xlink:href=\"#icon-chevron-down\"></use></svg></i>\r\n                </a>\r\n                <div class=\"navPage-subMenu\" id=\"navPages-currency\" aria-hidden=\"true\" tabindex=\"-1\">\r\n                    <ul class=\"navPage-subMenu-list\">\r\n                        {{#each currency_selector.currencies}}\r\n                        <li class=\"navPage-subMenu-item\">\r\n                            <a class=\"navPage-subMenu-action navPages-action\" href=\"{{{switch_url}}}\">\r\n                                {{#if is_active}}\r\n                                    <strong>{{name}}</strong>\r\n                                {{else}}\r\n                                    {{name}}\r\n                                {{/if}}\r\n                            </a>\r\n                        </li>\r\n                        {{/each}}\r\n                    </ul>\r\n                </div>\r\n            </li>\r\n        {{/if}}\r\n        {{#if settings.gift_certificates_enabled}}\r\n            <li class=\"navPages-item\">\r\n                <a class=\"navPages-action\" href=\"{{urls.gift_certificate.purchase}}\">{{lang 'common.gift_cert'}}</a>\r\n            </li>\r\n        {{/if}}\r\n        {{#if customer.store_credit.value '>' 0}}\r\n            <li class=\"navPages-item\">\r\n                <a class=\"navPages-action navPages-action--storeCredit\">\r\n                    {{lang 'common.store_credit_overview' credit=customer.store_credit.formatted}}\r\n                </a>\r\n            </li>\r\n        {{/if}}\r\n        \r\n        \r\n        \r\n        \r\n        {{#if theme_settings.product_list_display_mode '==' 'list'}}\r\n            <li class=\"navPages-item\">\r\n                <a class=\"navPages-action navPages-action--compare\" href=\"{{urls.compare}}\" data-compare-nav>{{lang 'common.compare'}} <span class=\"countPill countPill--positive countPill--alt\"></span></a>\r\n            </li>\r\n        {{/if}}\r\n        {{#if customer}}\r\n            <li class=\"navPages-item\">\r\n                <a class=\"navPages-action has-subMenu\" href=\"{{urls.account.index}}\" data-collapsible=\"navPages-account\">\r\n                    {{lang 'common.account'}} <i class=\"icon navPages-action-moreIcon\" aria-hidden=\"true\"><svg><use xlink:href=\"#icon-chevron-down\" /></svg></i>\r\n                </a>\r\n                <div class=\"navPage-subMenu\" id=\"navPages-account\" aria-hidden=\"true\" tabindex=\"-1\">\r\n                    <ul class=\"navPage-subMenu-list\">\r\n                        <li class=\"navPage-subMenu-item\">\r\n                            <a class=\"navPage-subMenu-action navPages-action\" href=\"{{urls.account.orders.all}}\">{{lang 'account.nav.orders'}}</a>\r\n                        </li>\r\n                        {{#if settings.returns_enabled}}\r\n                            <li class=\"navPage-subMenu-item\">\r\n                                <a class=\"navPage-subMenu-action navPages-action\" href=\"{{urls.account.returns}}\">{{lang 'account.nav.returns'}}</a>\r\n                            </li>\r\n                        {{/if}}\r\n                        <li class=\"navPage-subMenu-item\">\r\n                            <a class=\"navPage-subMenu-action navPages-action\" href=\"{{urls.account.inbox}}\">{{lang 'account.mobile_nav.messages'}}</a>\r\n                        </li>\r\n                        <li class=\"navPage-subMenu-item\">\r\n                            <a class=\"navPage-subMenu-action navPages-action\" href=\"{{urls.account.addresses}}\">{{lang 'account.nav.addresses'}}</a>\r\n                        </li>\r\n                        {{#if settings.show_payment_methods}}\r\n                            <li class=\"navPage-subMenu-item\">\r\n                                <a class=\"navPage-subMenu-action navPages-action\" href=\"{{urls.account.payment_methods.all}}\">{{lang 'account.nav.payment_methods'}}</a>\r\n                        </li>\r\n                        {{/if}}\r\n                        <li class=\"navPage-subMenu-item\">\r\n                            <a class=\"navPage-subMenu-action navPages-action\" href=\"{{urls.account.wishlists.all}}\">{{lang 'account.mobile_nav.wishlists'}}</a>\r\n                        </li>\r\n                        <li class=\"navPage-subMenu-item\">\r\n                            <a class=\"navPage-subMenu-action navPages-action\" href=\"{{urls.account.recent_items}}\">{{lang 'account.nav.recently_viewed'}}</a>\r\n                        </li>\r\n                        <li class=\"navPage-subMenu-item\">\r\n                            <a class=\"navPage-subMenu-action navPages-action\" href=\"{{urls.account.details}}\">{{lang 'account.nav.settings'}}</a>\r\n                        </li>\r\n                    </ul>\r\n                </div>\r\n            </li>\r\n            <li class=\"navPages-item\">\r\n                <a class=\"navPages-action\" href=\"{{urls.auth.logout}}\">{{lang 'common.logout'}}</a>\r\n            </li>\r\n        {{else}}\r\n            <li class=\"navPages-item\">\r\n                <a class=\"navPages-action\" href=\"{{urls.auth.login}}\">{{lang 'common.login'}}</a>\r\n                {{#if settings.account_creation_enabled}}\r\n                    {{lang 'common.or'}} <a class=\"navPages-action\" href=\"{{urls.auth.create_account}}\">{{lang 'common.sign_up'}}</a>\r\n                {{/if}}\r\n            </li>\r\n        {{/if}}\r\n       {{#if theme_settings.social_icon_placement_top}}\r\n            <li class=\"navPages-item\">\r\n                {{> components/common/social-links}}\r\n            </li>\r\n        {{/if}}\r\n    </ul>\r\n    \r\n    --}}\r\n\t<!--Search button was here now at header html page-->\r\n</nav>\r\n","components/common/payment-icons":"{{#with theme_settings}}\r\n    {{#or show_accept_amex show_accept_discover show_accept_mastercard show_accept_paypal show_accept_visa show_accept_amazonpay show_accept_googlepay}}\r\n        <h5 class=\"footer-info-headings\">{{lang 'footer.payment-icon'}}</h5>\r\n    {{/or}}\r\n    {{#or show_accept_amex show_accept_discover show_accept_mastercard show_accept_paypal show_accept_visa show_accept_amazonpay show_accept_googlepay}}\r\n    <ul class=\"footer-payment-icons\">\r\n        {{#if show_accept_amex}}\r\n        <li><svg class=\"footer-payment-icon\"><use xlink:href=\"#icon-logo-american-express\"></use></svg></li>\r\n        {{/if}}\r\n        {{#if show_accept_discover}}\r\n        <li><svg class=\"footer-payment-icon\"><use xlink:href=\"#icon-logo-discover\"></use></svg></li>\r\n        {{/if}}\r\n        {{#if show_accept_mastercard}}\r\n        <li><svg class=\"footer-payment-icon\"><use xlink:href=\"#icon-logo-mastercard\"></use></svg></li>\r\n        {{/if}}\r\n        {{#if show_accept_paypal}}\r\n        <li><svg class=\"footer-payment-icon\"><use xlink:href=\"#icon-logo-paypal\"></use></svg></li>\r\n        {{/if}}\r\n        {{#if show_accept_visa}}\r\n        <li><svg class=\"footer-payment-icon\"><use xlink:href=\"#icon-logo-visa\"></use></svg></li>\r\n        {{/if}}\r\n        {{#if show_accept_amazonpay}}\r\n        <li><svg class=\"footer-payment-icon\"><use xlink:href=\"#icon-logo-amazonpay\"></use></svg></li>\r\n        {{/if}}\r\n        {{#if show_accept_googlepay}}\r\n        <li><svg class=\"footer-payment-icon\"><use xlink:href=\"#icon-logo-googlepay\"></use></svg></li>\r\n        {{/if}}\r\n    </ul>\r\n    {{/or}}\r\n{{/with}}\r\n","components/common/quick-search":"<div class=\"dropdown dropdown--quickSearch desktop\" id=\"quickSearch\" aria-hidden=\"true\" tabindex=\"-1\" data-prevent-quick-search-close>\r\n\t<a href=\"#\" class=\"quickSearch-mobileToggle\" title=\"Submit Search\">\r\n\t\t<span class=\"mobileMenu-toggleIcon\"></span>\r\n\t</a>\r\n\t<form class=\"form\" action=\"{{urls.search}}\">\r\n\t\t<fieldset class=\"form-fieldset\">\r\n\t\t\t<div class=\"form-field\">\r\n\t\t\t\t<label class=\"is-srOnly\" for=\"search_query\">{{lang \"search.quick_search.input_label\"}}</label>\r\n\t\t\t\t<input class=\"form-input\" data-search-quick name=\"search_query\" id=\"search_query\" data-error-message=\"{{lang 'search.error.empty_field'}}\" placeholder=\"{{lang 'search.quick_search.input_placeholder'}}\" autocomplete=\"off\">\r\n\t\t\t\t<!-- <input class=\"button button--primary form-prefixPostfix-button--postfix\" type=\"submit\" value=\"\"><svg class=\"header-icon search-icon\"><use xlink:href=\"#icon-search\"></use></svg> -->\r\n\t\t\t</div>\r\n\t\t</fieldset>\r\n\t\t<div class=\"search-icon submit\">\r\n\t\t\t\r\n\t\t\t<button title=\"Submit Search\" class=\"button button--primary form-prefixPostfix-button--postfix\" type=\"submit\" value=\"{{lang \"search.quick_search.input_label\"}}\">\r\n\t\t\t\t<span class=\"material-icons\">search</span>\r\n\t\t\t\t{{lang \"search.quick_search.input_label\"}}\r\n\t\t\t</button>\r\n\t\t\t\r\n\t\t</div>\r\n\t</form>\r\n\t<section class=\"quickSearchResults\" data-bind=\"html: results\"></section>\r\n</div>\r\n","components/common/social-links":"{{#if social_media}}\r\n    <ul class=\"socialLinks socialLinks--alt\">\r\n        {{#each social_media}}\r\n            <li class=\"socialLinks-item\">\r\n                <a class=\"icon icon--{{display_name}}\" href=\"{{url}}\" title=\"{{name}}\" target=\"_blank\" rel=\"noopener\">\r\n                    <svg><use xlink:href=\"#icon-{{display_name}}\" /></svg>\r\n                    {{name}}\r\n                </a>\r\n            </li>\r\n        {{/each}}\r\n    </ul>\r\n{{/if}}\r\n","components/common/store-logo":"<a href=\"{{urls.home}}\">\r\n    {{#if settings.store_logo.image}}\r\n        {{#if theme_settings.logo_size '===' 'original'}}\r\n            <img class=\"header-logo-image-unknown-size\" src=\"{{getImage settings.store_logo.image 'logo_size'}}\" alt=\"{{settings.store_logo.title}}\" title=\"{{settings.store_logo.title}}\">\r\n        {{else}}\r\n            <span class=\"header-logo-image-container\">\r\n                <img class=\"header-logo-image\" src=\"{{getImage settings.store_logo.image 'logo_size'}}\" alt=\"{{settings.store_logo.title}}\" title=\"{{settings.store_logo.title}}\">\r\n            </span>\r\n        {{/if}}\r\n    {{else}}\r\n        <span class=\"header-logo-text\">{{settings.store_logo.title}}</span>\r\n    {{/if}}\r\n</a>\r\n","components/common/subscription-form":"<div class=\"newsletter-tittle\">\r\n    <h5 class=\"footer-info-headings\">\r\n        <span class=\"material-icons\">drafts</span>\r\n        {{lang 'newsletter.subscribe'}}\r\n    </h5>\r\n    <span class=\"newletter-desc\">{{lang 'newsletter.subscribe_intro'}}</span>\r\n</div>\r\n\r\n<div class=\"newsletter-contents\">\r\n    <form class=\"form\" action=\"{{urls.subscribe.action}}\" method=\"post\">\r\n        <fieldset class=\"form-fieldset\">\r\n            <input type=\"hidden\" name=\"action\" value=\"subscribe\">\r\n            <input type=\"hidden\" name=\"nl_first_name\" value=\"bc\">\r\n            <input type=\"hidden\" name=\"check\" value=\"1\">\r\n            <div class=\"form-field\">\r\n                <label class=\"form-label is-srOnly\" for=\"nl_email\">{{lang 'common.email_address'}}</label>\r\n                <div class=\"form-prefixPostfix wrap\">\r\n                    <input class=\"form-input\" id=\"nl_email\" name=\"nl_email\" type=\"email\" value=\"{{customer.email}}\" placeholder=\"{{lang 'newsletter.email_placeholder'}}\">\r\n                    <input class=\"button button--default form-prefixPostfix-button--postfix\" type=\"submit\" value=\"{{lang 'newsletter.subscribe_submit'}}\" />\r\n                </div>\r\n                {{#if settings.show_newsletter_summary }}\r\n                    <div class=\"footer-newsletter-summary\">{{settings.newsletter_summary}}</div>\r\n                {{/if}}\r\n            </div>\r\n        </fieldset>\r\n    </form>\r\n</div>\n","components/products/bulk-discount-rates":"{{#if bulk_discount_rates.length}}\n    {{#if product}}<dt class=\"productView-info-name\">{{lang 'products.bulk_pricing.title'}}</dt>{{/if}}\n    <dd class=\"productView-info-value\">\n        <a href=\"{{product.url}}#bulk_pricing\"\n           {{#unless is_ajax }}data-reveal-id=\"modal-bulk-pricing\"{{/unless}}>\n            {{lang 'products.bulk_pricing.view'}}\n        </a>\n    </dd>\n    <div id=\"modal-bulk-pricing\" class=\"modal modal--small\" data-reveal>\n        <div class=\"modal-header\">\n            <h2 class=\"modal-header-title\">{{lang 'products.bulk_pricing.modal_title'}}</h2>\n            <a href=\"#\" class=\"modal-close\" aria-label=\"Close\"><span aria-hidden=\"true\">&#215;</span></a>\n        </div>\n        <div class=\"modal-body\">\n            <p>{{lang 'products.bulk_pricing.instructions'}}</p>\n            <ul>\n                {{#each bulk_discount_rates}}\n                <li>\n                    {{lang 'products.bulk_pricing.range' min=min max=max}}\n                    {{#if type '===' 'percent'}}\n                    {{lang 'products.bulk_pricing.percent' discount=discount.formatted}}\n                    {{else if type '===' 'fixed'}}\n                    {{lang 'products.bulk_pricing.fixed' discount=discount.formatted}}\n                    {{else if type '===' 'price'}}\n                    {{lang 'products.bulk_pricing.price' discount=discount.formatted}}\n                    {{/if}}\n                </li>\n                {{/each}}\n            </ul>\n        </div>\n    </div>\n{{/if}}\n","components/products/card":"<article class=\"card {{#if alternate}}card--alternate{{/if}}\" {{#if settings.data_tag_enabled}} data-event-type=\"{{event}}\" data-entity-id=\"{{id}}\" data-position=\"{{position}}\" data-name=\"{{name}}\" data-product-category=\"{{#each category}}{{#if @last}}{{this}}{{else}}{{this}}, {{/if}}{{/each}}\" data-product-brand=\"{{brand.name}}\" data-product-price=\"{{#if price.with_tax}}{{price.with_tax.value}}{{else}}{{price.without_tax.value}}{{/if}}\"  {{/if}}>\r\n    <div class=\"wdgimg-bg\"></div>\r\n    <figure class=\"card-figure\">\r\n\t\t<div class=\"title-brand\">\r\n\t\t\t{{#if brand.name}}\r\n\t\t\t\t<p class=\"listItem-brand\">{{brand.name}}</p>\r\n\t\t\t{{/if}}\r\n\t\t\t<h4 class=\"card-title\">\r\n\t\t\t\t<a href=\"{{url}}\" {{#if settings.data_tag_enabled}} data-event-type=\"product-click\" {{/if}}>{{name}}</a>\r\n\t\t\t</h4>\r\n            {{#if settings.show_product_rating}}\r\n                <div class=\"card-text rating-block\" data-test-info-type=\"productRating\">\r\n                    <span class=\"rating--small\">\r\n                        {{> components/products/ratings rating=rating}}\r\n                    </span>\r\n                </div>\r\n            {{/if}} \r\n\t\t</div>\r\n        <a href=\"{{url}}\" {{#if settings.data_tag_enabled}} data-event-type=\"product-click\" {{/if}} 1x=theme_settings.zoom_size>\r\n            {{#if out_of_stock_message}}\r\n                <span class=\"wdgsold-out\">{{lang 'products.sold_out'}}</span>\r\n            {{/if}}\t\r\n            <div class=\"card-img-container {{#if out_of_stock_message}}sold-out-product{{/if}}\">\r\n                <img class=\"card-image\" src=\"{{getImage image 'productgallery_size' (cdn theme_settings.default_image_product)}}\" alt=\"{{this.alt}}\" title=\"{{this.alt}}\">\r\n                {{#each (limit images 2)}}\r\n                    {{#if @index '>' 0}}\r\n                            <img class=\"wdg-thumb card-image thumb-{{@index}} card-image\" src=\"{{getImage this 'productgallery_size' (cdn theme_settings.default_image_product)}}\" alt=\"{{this.alt}}\" title=\"{{this.alt}}\">\r\n                    {{/if}}\r\n                {{/each}} \r\n            </div>\r\n        </a>\t\t\r\n         {{products.sort_order}}\r\n    </figure>\r\n   \r\n    <div class=\"card-body\">\r\n       {{!--  \r\n\t   \t{{#if brand.name}}\r\n            <p class=\"card-text\" data-test-info-type=\"brandName\">{{brand.name}}</p>\r\n        {{/if}}\r\n\t\t--}}\r\n       \r\n\t\t{{#or price.non_sale_price_with_tax price.non_sale_price_without_tax}}\r\n            {{#if theme_settings.product_sale_badges '===' 'sash'}}\r\n                <div class=\"sale-flag-sash\">\r\n                    <span class=\"sale-text\">Sale</span>\r\n                </div>\r\n            {{else if theme_settings.product_sale_badges '===' 'topleft'}}\r\n                <div class=\"sale-flag-side\">\r\n                    <span class=\"sale-text\">Sale</span>\r\n                </div>\r\n            {{else if theme_settings.product_sale_badges '===' 'burst'}}\r\n                <div class=\"starwrap\">\r\n                    <div class=\"sale-text-burst\">Sale</div>\r\n                    <div class=\"sale-flag-star\"></div>\r\n                </div>\r\n            {{/if}}\r\n        {{/or}}\r\n\t\t<div class=\"card-text tt-price\" data-test-info-type=\"price\">\r\n            {{#or customer (if theme_settings.restrict_to_login '!==' true)}}\r\n                {{> components/products/price price=price}}\r\n            {{else}}\r\n                {{> components/common/login-for-pricing}}\r\n            {{/or}}\r\n        </div>\r\n        {{> components/products/bulk-discount-rates}}\r\n\t\t\r\n\t\t<div class=\"tt-cart-btn\">\r\n\t\t\t{{#or customer (if theme_settings.restrict_to_login '!==' true)}}\r\n\t\t\t\t{{#if show_cart_action}}\r\n\t\t\t\t\t{{#if has_options}}\r\n\t\t\t\t\t\t<a href=\"{{url}}\" data-event-type=\"product-click\" class=\"button button--small card-figcaption-button\" title=\"{{lang 'products.choose_options'}}\" data-product-id=\"{{id}}\"><span class=\"material-icons\">add</span>{{lang 'products.choose_options'}}</a>\r\n\t\t\t\t\t{{/if}}\r\n\t\t\t\t\t{{#if pre_order}}\r\n\t\t\t\t\t\t<a href=\"{{pre_order_add_to_cart_url}}\" data-event-type=\"product-click\" title=\"{{lang 'products.pre_order'}}\" class=\"button button--small card-figcaption-button\"><span class=\"material-icons\">add</span>{{lang 'products.pre_order'}}</a>\r\n\t\t\t\t\t{{/if}}\r\n\t\t\t\t\t{{#if add_to_cart_url }}\r\n\t\t\t\t\t\t<a href=\"{{add_to_cart_url}}\" data-event-type=\"product-click\" title=\"{{lang 'products.add_to_cart'}}\" class=\"button button--small card-figcaption-button\">\r\n\t\t\t\t\t\t\t<span class=\"material-icons\">add</span>\r\n\t\t\t\t\t\t\t{{lang 'products.add_to_cart'}}\r\n\t\t\t\t\t\t</a>\r\n\t\t\t\t\t{{/if}}\r\n                    \r\n\t\t\t\t\t{{#if out_of_stock_message }}\r\n\t\t\t\t\t\t<a href=\"{{url}}\" data-event-type=\"product-click\" class=\"button button--small card-figcaption-button\" title=\"{{out_of_stock_message}}\" data-product-id=\"{{id}}\"><span class=\"material-icons\">add</span>{{out_of_stock_message}}</a>\r\n\t\t\t\t\t{{/if}}\r\n\t\t\t\t{{/if}}\r\n\t\t\t{{/or}}\r\n\t\t</div>\r\n\t\t\r\n\t\t\r\n\t\t\r\n\t\t<figcaption class=\"card-figcaption\">\r\n            <div class=\"card-figcaption-body\">\r\n                {{#unless hide_product_quick_view}}\r\n                    {{#if theme_settings.show_product_quick_view}}\r\n                        {{#if settings.data_tag_enabled}}\r\n                            <a class=\"button button--small card-figcaption-button quickview\" title=\"{{lang 'products.quick_view'}}\" data-event-type=\"product-click\" data-product-id=\"{{id}}\">\r\n                            \t<span class=\"material-icons\">remove_red_eye</span>\r\n                                {{!-- {{lang 'products.quick_view'}} --}}\r\n                            </a>\r\n                        {{else}}\r\n                            <a class=\"button button--small card-figcaption-button quickview\" title=\"{{lang 'products.quick_view'}}\" data-product-id=\"{{id}}\">\r\n                                <span class=\"material-icons\">remove_red_eye</span>\r\n                                {{!-- {{lang 'products.quick_view'}} --}}\r\n                            </a>\r\n                        {{/if}}\r\n                    {{/if}}\r\n                {{/unless}}\r\n\t\t\t\t{{!-- {{#if show_compare}} --}}\r\n                    <label class=\"button button--small card-figcaption-button tt-compare\" title=\"{{lang 'products.compare'}}\" data-product-compare  for=\"compare-{{id}}\">\r\n                        <span class=\"material-icons\">sync</span>\r\n                        {{!-- {{lang 'products.compare'}} --}}\r\n                        <input type=\"checkbox\" class=\"tt-comparecheck\" name=\"products[]\" value=\"{{id}}\" id=\"compare-{{id}}\" data-compare-id=\"{{id}}\">\r\n                    </label>\r\n\t\t\t\t {{!--   {{/if}}  --}}\r\n                {{#if settings.show_wishlist}}\r\n                    <a href=\"{{add_to_wishlist_url}}\" class=\"button button--small card-figcaption-button tt-wishlist\"><span class=\"material-icons\">favorite_border</span></a>\r\n                {{/if}}\r\n            </div>\r\n        </figcaption>\r\n    </div>\r\n</article>\r\n\r\n\r\n","components/products/price":"{{!-- There are 2 code paths for generating the PDP pricing HTML determined by the following #and condition. \r\nIf a 'price_range' exists then we generate all HTML in price-range.html, otherwise it is defined here. Both code\r\npaths generate the same HTML structure with some differences in whether that element is displayed by default (css styling).\r\n\r\nIf you are making a change here or in price-range.html, you probably want to make that change in both files. --}}\r\n\r\n{{#and price.price_range (if theme_settings.price_ranges '==' true)}}\r\n    {{> components/products/price-range price=price schema_org=schema_org}}\r\n{{else}}\r\n    {{#if price.with_tax}}\r\n        <div class=\"price-section price-section--withTax rrp-price--withTax\" {{#unless price.rrp_with_tax}}style=\"display: none;\"{{/unless}}>\r\n            {{theme_settings.pdp-retail-price-label}}\r\n            <span data-product-rrp-with-tax class=\"price price--rrp\">\r\n                {{price.rrp_with_tax.formatted}}\r\n            </span>\r\n        </div>\r\n        \r\n        <div class=\"price-section price-section--withTax\" {{#if schema_org}}itemprop=\"offers\" itemscope itemtype=\"http://schema.org/Offer\"{{/if}}>\r\n            <span class=\"price-label\" {{#if price.non_sale_price_with_tax}}style=\"display: none;\"{{/if}}>\r\n                {{theme_settings.pdp-price-label}}\r\n            </span>\r\n            <span class=\"price-now-label\" {{#unless price.non_sale_price_with_tax}}style=\"display: none;\"{{/unless}}>\r\n                {{!--  {{theme_settings.pdp-sale-price-label}} --}}\r\n            </span>\r\n            <span data-product-price-with-tax class=\"price price--withTax\">{{price.with_tax.formatted}}</span>\r\n            {{#if schema_org}}\r\n                <meta itemprop=\"availability\" itemtype=\"http://schema.org/ItemAvailability\" \r\n                \tcontent=\"http://schema.org/{{#if product.pre_order}}PreOrder{{else if product.out_of_stock}}OutOfStock{{else if product.can_purchase '===' false}}OutOfStock{{else}}InStock{{/if}}\">\r\n                <meta itemprop=\"itemCondition\" itemtype=\"http://schema.org/OfferItemCondition\" content=\"http://schema.org/{{product.condition}}Condition\">\r\n                <meta itemprop=\"priceCurrency\" content=\"{{currency_selector.active_currency_code}}\">\r\n                <meta itemprop=\"url\" content=\"{{product.url}}\">\r\n                <div itemprop=\"priceSpecification\" itemscope itemtype=\"http://schema.org/PriceSpecification\">\r\n                    <meta itemprop=\"price\" content=\"{{price.with_tax.value}}\">\r\n                    <meta itemprop=\"priceCurrency\" content=\"{{currency_selector.active_currency_code}}\">\r\n                    <meta itemprop=\"valueAddedTaxIncluded\" content=\"true\">\r\n                </div>\r\n            {{/if}}\r\n            {{#if price.without_tax}}\r\n                <abbr title=\"{{lang 'products.including_tax'}}\">{{lang 'products.price_with_tax' tax_label=price.tax_label}}</abbr>\r\n            {{/if}}\r\n        </div>\r\n\t\t<div class=\"price-section price-section--withTax non-sale-price--withTax\" {{#unless price.non_sale_price_with_tax}}style=\"display: none;\"{{/unless}}>\r\n            {{!-- {{theme_settings.pdp-non-sale-price-label}}  --}}\r\n            <span data-product-non-sale-price-with-tax class=\"price price--non-sale\">\r\n                {{price.non_sale_price_with_tax.formatted}}\r\n            </span>\r\n        </div>\r\n    {{/if}}\r\n    {{#if price.without_tax}}\r\n        <div class=\"price-section price-section--withoutTax rrp-price--withoutTax{{#if price.with_tax}} price-section--minor{{/if}}\" {{#unless price.rrp_without_tax}}style=\"display: none;\"{{/unless}}>\r\n            {{theme_settings.pdp-retail-price-label}}\r\n            <span data-product-rrp-price-without-tax class=\"price price--rrp\"> \r\n                {{price.rrp_without_tax.formatted}}\r\n            </span>\r\n        </div>\r\n        <div class=\"price-section price-section--withoutTax non-sale-price--withoutTax{{#if price.with_tax}} price-section--minor{{/if}}\" {{#unless price.non_sale_price_without_tax}}style=\"display: none;\"{{/unless}}>\r\n            {{theme_settings.pdp-non-sale-price-label}}\r\n            <span data-product-non-sale-price-without-tax class=\"price price--non-sale\">\r\n                {{price.non_sale_price_without_tax.formatted}}\r\n            </span>\r\n        </div>\r\n        <div class=\"price-section price-section--withoutTax\" {{#if schema_org}}itemprop=\"offers\" itemscope itemtype=\"http://schema.org/Offer\"{{/if}}>\r\n            <span class=\"price-label\" {{#if price.non_sale_price_without_tax}}style=\"display: none;\"{{/if}}>\r\n                {{theme_settings.pdp-price-label}}\r\n            </span>\r\n            <span class=\"price-now-label\" {{#unless price.non_sale_price_without_tax}}style=\"display: none;\"{{/unless}}>\r\n                {{theme_settings.pdp-sale-price-label}}\r\n            </span>\r\n            <span data-product-price-without-tax class=\"price price--withoutTax{{#if price.with_tax}} price-section--minor{{/if}}\">{{price.without_tax.formatted}}</span>\r\n            {{#if schema_org}}\r\n                <meta itemprop=\"availability\" itemtype=\"http://schema.org/ItemAvailability\"\r\n                    content=\"http://schema.org/{{#if product.pre_order}}PreOrder{{else if product.out_of_stock}}OutOfStock{{else if product.can_purchase '===' false}}OutOfStock{{else}}InStock{{/if}}\">\r\n                <meta itemprop=\"itemCondition\" itemtype=\"http://schema.org/OfferItemCondition\" content=\"http://schema.org/{{product.condition}}Condition\">\r\n                <meta itemprop=\"priceCurrency\" content=\"{{currency_selector.active_currency_code}}\">\r\n                <meta itemprop=\"url\" content=\"{{product.url}}\">\r\n                <div itemprop=\"priceSpecification\" itemscope itemtype=\"http://schema.org/PriceSpecification\">\r\n                    <meta itemprop=\"price\" content=\"{{price.without_tax.value}}\">\r\n                    <meta itemprop=\"priceCurrency\" content=\"{{currency_selector.active_currency_code}}\">\r\n                    <meta itemprop=\"valueAddedTaxIncluded\" content=\"false\">\r\n                </div>\r\n            {{/if}}\r\n            {{#if price.with_tax}}\r\n                <abbr title=\"{{lang 'products.excluding_tax'}}\">{{lang 'products.price_without_tax' tax_label=price.tax_label}}</abbr>\r\n            {{/if}}\r\n        </div>\r\n    {{/if}}\r\n    {{#if page_type '===' 'product'}}\r\n         <div class=\"price-section price-section--saving price\" {{#unless price.saved}}style=\"display: none;\"{{/unless}}>\r\n                <span class=\"price\">{{lang 'products.you_save_opening_text'}}</span>\r\n                <span data-product-price-saved class=\"price price--saving\">\r\n                    {{price.saved.formatted}}\r\n                </span>\r\n                <span class=\"price\">{{lang 'products.you_save_closing_bracket'}}</span>\r\n         </div>\r\n    {{/if}}\r\n{{/and}}\r\n","components/products/price-range":"{{#and price.retail_price_range.min.with_tax price.retail_price_range.max.with_tax}}\r\n    <div class=\"price-section price-section--withTax rrp-price--withTax\">\r\n        {{theme_settings.pdp-retail-price-label}}\r\n        <span data-product-rrp-price-with-tax class=\"price price--rrp\">{{price.retail_price_range.min.with_tax.formatted}} - {{price.retail_price_range.max.with_tax.formatted}}</span>\r\n    </div>\r\n{{else}}\r\n    {{#if price.with_tax}}\r\n        <div class=\"price-section price-section--withTax rrp-price--withTax\" style=\"display: none;\">\r\n            {{theme_settings.pdp-retail-price-label}}\r\n            <span data-product-rrp-with-tax class=\"price price--rrp\">\r\n                {{price.rrp_with_tax.formatted}}\r\n            </span>\r\n        </div>\r\n    {{/if}}\r\n{{/and}}\r\n{{#and price.price_range.min.with_tax price.price_range.max.with_tax}}\r\n    {{!-- Never display the \"non-sales price\" if there is a price range to be shown, but we do want the element on the page --}}\r\n    <div class=\"price-section price-section--withTax non-sale-price--withTax\" style=\"display: none;\">\r\n        {{theme_settings.pdp-non-sale-price-label}}\r\n        <span data-product-non-sale-price-with-tax class=\"price price--non-sale\">\r\n            {{price.non_sale_price_with_tax.formatted}}\r\n        </span>\r\n    </div>\r\n    <div class=\"price-section price-section--withTax\" {{#if schema_org}}itemprop=\"offers\" itemscope itemtype=\"http://schema.org/Offer\"{{/if}}>\r\n        <span class=\"price-label\">{{theme_settings.pdp-price-label}}</span>\r\n        <span class=\"price-now-label\" style=\"display: none;\">{{theme_settings.pdp-sale-price-label}}</span>\r\n        <span data-product-price-with-tax class=\"price price--withTax\">{{price.price_range.min.with_tax.formatted}} - {{price.price_range.max.with_tax.formatted}}</span>\r\n        {{#and price.price_range.min.without_tax price.price_range.max.without_tax}}\r\n            <abbr title=\"{{lang 'products.including_tax'}}\">{{lang 'products.price_with_tax' tax_label=price.price_range.min.tax_label}}</abbr>\r\n        {{/and}}\r\n        {{#if schema_org}}\r\n            <meta itemprop=\"availability\" itemtype=\"http://schema.org/ItemAvailability\"\r\n                    content=\"http://schema.org/{{#if product.pre_order}}PreOrder{{else if product.out_of_stock}}OutOfStock{{else if product.can_purchase '===' false}}OutOfStock{{else}}InStock{{/if}}\">\r\n            <meta itemprop=\"itemCondition\" itemtype=\"http://schema.org/OfferItemCondition\" content=\"http://schema.org/{{product.condition}}Condition\">\r\n            <meta itemprop=\"priceCurrency\" content=\"{{currency_selector.active_currency_code}}\">\r\n            <meta itemprop=\"url\" content=\"{{product.url}}\">\r\n            <div itemprop=\"priceSpecification\" itemscope itemtype=\"http://schema.org/PriceSpecification\">\r\n                <meta itemprop=\"minPrice\" content=\"{{price_range.min.with_tax.value}}\"  />\r\n                <meta itemprop=\"price\" content=\"{{price_range.min.with_tax.value}}\">\r\n                <meta itemprop=\"maxPrice\" content=\"{{price_range.max.with_tax.value}}\"  />\r\n                <meta itemprop=\"priceCurrency\" content=\"{{currency_selector.active_currency_code}}\">\r\n                <meta itemprop=\"valueAddedTaxIncluded\" content=\"true\">\r\n            </div>\r\n        {{/if}}\r\n    </div>\r\n{{/and}}\r\n{{#and price.retail_price_range.min.without_tax price.retail_price_range.max.without_tax}}\r\n    <div class=\"price-section price-section--withoutTax rrp-price--withoutTax{{#if price.with_tax}} price-section--minor{{/if}}\">\r\n        {{theme_settings.pdp-retail-price-label}}\r\n        <span data-product-rrp-price-without-tax class=\"price price--rrp\">{{price.retail_price_range.min.without_tax.formatted}} - {{price.retail_price_range.max.without_tax.formatted}}</span>\r\n    </div>\r\n{{else}}\r\n    {{#if price.without_tax}}\r\n        <div class=\"price-section price-section--withoutTax rrp-price--withoutTax{{#if price.with_tax}} price-section--minor{{/if}}\" style=\"display: none;\">\r\n            {{theme_settings.pdp-retail-price-label}}\r\n            <span data-product-rrp-price-without-tax class=\"price price--rrp\">\r\n                {{price.rrp_without_tax.formatted}}\r\n            </span>\r\n        </div>\r\n    {{/if}}\r\n{{/and}}\r\n{{#and price.price_range.min.without_tax price.price_range.max.without_tax}}\r\n    {{!-- Never display the \"non-sales price\" if there is a price range to be shown, but we do want the element on the page --}}\r\n    <div class=\"price-section price-section--withoutTax non-sale-price--withoutTax{{#if price.with_tax}} price-section--minor{{/if}}\" style=\"display: none;\">\r\n        {{theme_settings.pdp-non-sale-price-label}}\r\n        <span data-product-non-sale-price-without-tax class=\"price price--non-sale\">\r\n            {{price.non_sale_price_without_tax.formatted}}\r\n        </span>\r\n    </div>\r\n    <div class=\"price-section price-section--withoutTax{{#and price_range.min.with_tax price_range.max.with_tax}} price-section--minor{{/and}}\" {{#if schema_org}}itemprop=\"offers\" itemscope itemtype=\"http://schema.org/Offer\"{{/if}}>\r\n        <span class=\"price-label\">{{theme_settings.pdp-price-label}}</span>\r\n        <span class=\"price-now-label\" style=\"display: none;\">{{theme_settings.pdp-sale-price-label}}</span>\r\n        <span data-product-price-without-tax class=\"price price--withoutTax\">{{price.price_range.min.without_tax.formatted}} - {{price.price_range.max.without_tax.formatted}}</span>\r\n        {{#and price.price_range.min.with_tax price.price_range.max.with_tax}}\r\n            <abbr title=\"{{lang 'products.excluding_tax'}}\">{{lang 'products.price_without_tax' tax_label=price.price_range.min.tax_label}}</abbr>\r\n        {{/and}}\r\n        {{#if schema_org}}\r\n            <meta itemprop=\"availability\" itemtype=\"http://schema.org/ItemAvailability\"\r\n                    content=\"http://schema.org/{{#if product.pre_order}}PreOrder{{else if product.out_of_stock}}OutOfStock{{else if product.can_purchase '===' false}}OutOfStock{{else}}InStock{{/if}}\">\r\n            <meta itemprop=\"itemCondition\" itemtype=\"http://schema.org/OfferItemCondition\" content=\"http://schema.org/{{product.condition}}Condition\">\r\n            <meta itemprop=\"priceCurrency\" content=\"{{currency_selector.active_currency_code}}\">\r\n            <meta itemprop=\"url\" content=\"{{product.url}}\">\r\n            <div itemprop=\"priceSpecification\" itemscope itemtype=\"http://schema.org/PriceSpecification\">\r\n                <meta itemprop=\"minPrice\" content=\"{{price.price_range.min.without_tax.value}}\"  />\r\n                <meta itemprop=\"price\" content=\"{{price.price_range.min.without_tax.value}}\">\r\n                <meta itemprop=\"maxPrice\" content=\"{{price.price_range.max.without_tax.value}}\"  />\r\n                <meta itemprop=\"priceCurrency\" content=\"{{currency_selector.active_currency_code}}\">\r\n                <meta itemprop=\"valueAddedTaxIncluded\" content=\"false\">\r\n            </div>\r\n        {{/if}}\r\n    </div>\r\n{{/and}}\r\n\r\n{{!-- Never display the \"saving price\" element by default if there is a price range on the page to be shown --}}\r\n{{#if page_type '===' 'product'}}\r\n     <div class=\"price-section price-section--saving price\" style=\"display: none;\">\r\n            <span class=\"price\">{{lang 'products.you_save_opening_text'}}</span>\r\n            <span data-product-price-saved class=\"price price--saving\">\r\n                {{price.saved.formatted}}\r\n            </span>\r\n            <span class=\"price\">{{lang 'products.you_save_closing_bracket'}}</span>\r\n     </div>\r\n{{/if}}\r\n","components/products/ratings":"{{#for 1 5}}\r\n    {{#if ../this.rating '>=' $index}}\r\n        <span class=\"icon icon--ratingFull\">\r\n            <span class=\"material-icons\">star_rate</span>\r\n        </span>\r\n    {{else}}\r\n        <span class=\"icon icon--ratingEmpty\">\r\n            <span class=\"material-icons\">star_border</span>\r\n        </span>\r\n    {{/if}}\r\n{{/for}}\r\n","layout/base":"<!DOCTYPE html>\r\n<html class=\"no-js\" lang=\"{{ locale_name }}\">\r\n    <head>\r\n        <title>{{ head.title }}</title>\r\n        {{{ resourceHints }}}\r\n        {{{ head.meta_tags }}}\r\n        {{{ head.config }}}\r\n        {{#block \"head\"}} {{/block}}\r\n\r\n        <link href=\"{{ head.favicon }}\" rel=\"shortcut icon\">\r\n        <link href='https://fonts.googleapis.com/css?family=Open+Sans:300,400,600,700' rel='stylesheet' type='text/css'>\r\n\t\t<link href=\"https://fonts.googleapis.com/icon?family=Material+Icons\" rel=\"stylesheet\">\r\n        <meta name=\"viewport\" content=\"width=device-width, initial-scale=1, maximum-scale=1\">\r\n\r\n        <script>\r\n            <!-- Change document class from no-js to js so we can detect this in css -->\r\n            document.documentElement.className = document.documentElement.className.replace('no-js', 'js');\r\n        </script>\r\n        {{!-- Load Lazysizes script ASAP so images will appear --}}\r\n        <script>\r\n             <!-- Only load visible elements until the onload event fires, after which preload nearby elements. -->\r\n            window.lazySizesConfig = window.lazySizesConfig || {};\r\n            window.lazySizesConfig.loadMode = 1;\r\n        </script>\r\n        <script async src=\"{{cdn 'assets/dist/theme-bundle.head_async.js'}}\"></script>\r\n\r\n        {{ getFontsCollection }}\r\n        {{{stylesheet '/assets/css/theme.css'}}}\r\n\r\n        {{{head.scripts}}}\r\n\t\t\r\n\t\t<script src=\"https://ajax.googleapis.com/ajax/libs/jquery/2.2.0/jquery.min.js\"></script>\r\n\t    <!--<script src=\"{{cdn '/assets/js/theme/custom/global.js'}}\"></script>-->\r\n\t    \r\n        {{~inject 'themeSettings' theme_settings}}\r\n        {{~inject 'genericError' (lang 'common.generic_error')}}\r\n        {{~inject 'maintenanceMode' settings.maintenance}}\r\n        {{~inject 'urls' urls}}\r\n        {{~inject 'secureBaseUrl' settings.secure_base_url}}\r\n        {{~inject 'cartId' cart_id}}\r\n        {{~inject 'template' template}}\r\n    </head>\r\n   \r\n\r\n    <body onLoad=\"myFunction()\" class=\"{{page_type}}\">\r\n        \r\n    \r\n     \t<div id=\"ttloader\">\r\n\t\t\t<img src=\"/product_images/uploaded_images/loading.gif\" alt=\"loading\"/>\r\n\t\t</div>\r\n        \r\n        <svg data-src=\"{{cdn 'img/icon-sprite.svg'}}\" class=\"icons-svg-sprite\"></svg>\r\n\t\t {{#if settings.privacy_cookie}}\r\n            {{> components/common/cookie}}\r\n        {{/if}}\r\n        {{> components/common/header }}\r\n        {{> components/common/body }}\r\n        {{> components/common/footer }}\r\n        \r\n\t\t<script>\r\n\t\t\tvar myVar;\r\n\t\r\n\t\t\tfunction myFunction() {\r\n\t\t\tmyVar = setTimeout(showPage, 100);\r\n\t\t\t}\r\n\t\t\tfunction showPage() {\r\n\t\t\t  document.getElementById(\"ttloader\").style.display = \"none\";\r\n\t\t\t}\r\n\t\t\t\r\n        </script>\r\n        \r\n        \r\n        <script>window.__webpack_public_path__ = \"{{cdn 'assets/dist/'}}\";</script>\r\n        <script src=\"{{cdn 'assets/dist/theme-bundle.main.js'}}\"></script>\r\n        <script>\r\n            // Exported in app.js\r\n            window.stencilBootstrap(\"{{page_type}}\", {{jsContext}}).load();\r\n        </script>\r\n\r\n        {{{footer.scripts}}}\r\n    </body>\r\n</html>\r\n","pages/account/wishlist-details":"{{#partial \"page\"}}\r\n\r\n{{#if wishlist.is_editable}}\r\n    {{> components/common/breadcrumbs breadcrumbs=breadcrumbs}}\r\n{{/if}}\r\n<div class=\"account page-content--centered\">\r\n    <h2 class=\"page-heading\"><span>{{lang 'account.wishlists.view_heading' name=wishlist.name}}<span></h2>\r\n    {{#if wishlist.is_editable}}\r\n        {{> components/account/navigation account_page='wishlists'}}\r\n    {{/if}}\r\n\r\n    {{#if wishlist.is_editable}}\r\n        {{#if wishlist.is_public '>' 0}}\r\n            <div class=\"panel share-wishlist\">\r\n                <div class=\"panel-body\">\r\n                    <h5>{{lang 'account.wishlists.share_intro'}}</h5>\r\n                    <input class=\"form-input\" value=\"{{settings.base_url}}{{wishlist.share_url}}\" readonly>\r\n                </div>\r\n            </div>\r\n        {{/if}}\r\n    {{/if}}\r\n\r\n    {{#if wishlist.items}}\r\n        {{> components/account/wishlist-item-list show_remove=wishlist.is_editable}}\r\n    {{else}}\r\n        {{> components/common/alert-info (lang 'account.wishlists.empty_wishlist')}}\r\n    {{/if}}\r\n\r\n</div>\r\n{{/partial}}\r\n{{> layout/base}}\r\n"}
