{"components/brand/product-listing":"<div class=\"filter-box tt-filter-box\">\r\n    {{> components/common/paginator pagination.category}}\r\n    {{> components/products/filter sort=pagination.brand.sort}}\r\n</div>\r\n\r\n<form action=\"{{urls.compare}}\" method='POST' {{#if settings.data_tag_enabled}} data-list-name=\"Brand: {{brand.name}}\" {{/if}} data-product-compare>\r\n    {{#if theme_settings.product_list_display_mode '===' 'grid'}}\r\n        {{> components/products/grid products=brand.products show_compare=brand.show_compare theme_settings=theme_settings event=\"list\"}}\r\n    {{else if theme_settings.product_list_display_mode '===' 'list'}}\r\n        {{> components/products/list products=brand.products show_compare=brand.show_compare theme_settings=theme_settings event=\"list\"}}\r\n    {{else}}\r\n\t    {{> components/products/shortlist products=brand.products show_compare=brand.show_compare theme_settings=theme_settings event=\"list\"}}\r\n    {{/if}}\r\n</form>\r\n\r\n{{> components/common/paginator pagination.brand}}\r\n","components/category/sort-box":"<fieldset class=\"form-fieldset actionBar-section\">\n    <div class=\"form-field\">\n        <label class=\"form-label\" for=\"sort\">{{lang 'common.sorter.sort_by'}}</label>\n        <select class=\"form-select form-select--small\" name=\"sort\" id=\"sort\">\n            <option value=\"featured\" {{#if sort '==' 'featured'}}selected{{/if}}>{{lang 'common.sorter.featured'}}</option>\n            <option value=\"newest\" {{#if sort '==' 'newest'}}selected{{/if}}>{{lang 'common.sorter.newest'}}</option>\n            <option value=\"bestselling\" {{#if sort '==' 'bestselling'}}selected{{/if}}>{{lang 'common.sorter.top_sellers'}}</option>\n            <option value=\"alphaasc\" {{#if sort '==' 'alphaasc'}}selected{{/if}}>{{lang 'common.sorter.alpha_asc'}}</option>\n            <option value=\"alphadesc\" {{#if sort '==' 'alphadesc'}}selected{{/if}}>{{lang 'common.sorter.alpha_desc'}}</option>\n            <option value=\"avgcustomerreview\" {{#if sort '==' 'avgcustomerreview'}}selected{{/if}}>{{lang 'common.sorter.reviews'}}</option>\n            <option value=\"priceasc\" {{#if sort '==' 'priceasc'}}selected{{/if}}>{{lang 'common.sorter.price_asc'}}</option>\n            <option value=\"pricedesc\" {{#if sort '==' 'pricedesc'}}selected{{/if}}>{{lang 'common.sorter.price_desc'}}</option>\n            {{#if result_count}}\n                <option value=\"relevance\" {{#if sort '==' 'relevance'}}selected{{/if}}>{{lang 'common.sorter.relevance'}}</option>\n            {{/if}}\n        </select>\n    </div>\n</fieldset>\n\n","components/common/login-for-pricing":"<p translate>Log in for pricing</p>\n","components/common/paginator":"<div class=\"pagination\">\r\n    <ul class=\"pagination-list\">\r\n        {{#if previous}}\r\n            <li class=\"pagination-item pagination-item--previous\">\r\n                <a class=\"pagination-link\" href=\"{{previous}}\" {{#unless reload}}data-faceted-search-facet{{/unless}}>\r\n                    <i class=\"icon\" aria-hidden=\"true\">\r\n                        <svg>\r\n                            <use xmlns:xlink=\"http://www.w3.org/1999/xlink\" xlink:href=\"#icon-chevron-left\"></use>\r\n                        </svg>\r\n                    </i>\r\n                    {{!-- {{lang 'common.previous'}} --}}\r\n                </a>\r\n            </li>\r\n        {{/if}}\r\n        {{#each links}}\r\n            {{#if this.number '==' ../current}}\r\n                <li class=\"pagination-item pagination-item--current\">\r\n                    <a class=\"pagination-link\" href=\"{{this.url}}\" {{#unless reload}}data-faceted-search-facet{{/unless}}>{{this.number}}</a>\r\n                </li>\r\n            {{else}}\r\n                <li class=\"pagination-item\">\r\n                    <a class=\"pagination-link\" href=\"{{this.url}}\" {{#unless reload}}data-faceted-search-facet{{/unless}}>{{this.number}}</a>\r\n                </li>\r\n            {{/if}}\r\n        {{/each}}\r\n\r\n        {{#if next}}\r\n            <li class=\"pagination-item pagination-item--next\">\r\n                <a class=\"pagination-link\" href=\"{{next}}\" {{#unless reload}}data-faceted-search-facet{{/unless}}>\r\n                    {{!-- {{lang 'common.next'}} --}}\r\n                    <i class=\"icon\" aria-hidden=\"true\">\r\n                        <svg>\r\n                            <use xmlns:xlink=\"http://www.w3.org/1999/xlink\" xlink:href=\"#icon-chevron-right\"></use>\r\n                        </svg>\r\n                    </i>\r\n                </a>\r\n            </li>\r\n        {{/if}}\r\n    </ul>\r\n</div>\r\n","components/products/bulk-discount-rates":"{{#if bulk_discount_rates.length}}\n    {{#if product}}<dt class=\"productView-info-name\">{{lang 'products.bulk_pricing.title'}}</dt>{{/if}}\n    <dd class=\"productView-info-value\">\n        <a href=\"{{product.url}}#bulk_pricing\"\n           {{#unless is_ajax }}data-reveal-id=\"modal-bulk-pricing\"{{/unless}}>\n            {{lang 'products.bulk_pricing.view'}}\n        </a>\n    </dd>\n    <div id=\"modal-bulk-pricing\" class=\"modal modal--small\" data-reveal>\n        <div class=\"modal-header\">\n            <h2 class=\"modal-header-title\">{{lang 'products.bulk_pricing.modal_title'}}</h2>\n            <a href=\"#\" class=\"modal-close\" aria-label=\"Close\"><span aria-hidden=\"true\">&#215;</span></a>\n        </div>\n        <div class=\"modal-body\">\n            <p>{{lang 'products.bulk_pricing.instructions'}}</p>\n            <ul>\n                {{#each bulk_discount_rates}}\n                <li>\n                    {{lang 'products.bulk_pricing.range' min=min max=max}}\n                    {{#if type '===' 'percent'}}\n                    {{lang 'products.bulk_pricing.percent' discount=discount.formatted}}\n                    {{else if type '===' 'fixed'}}\n                    {{lang 'products.bulk_pricing.fixed' discount=discount.formatted}}\n                    {{else if type '===' 'price'}}\n                    {{lang 'products.bulk_pricing.price' discount=discount.formatted}}\n                    {{/if}}\n                </li>\n                {{/each}}\n            </ul>\n        </div>\n    </div>\n{{/if}}\n","components/products/card":"<article class=\"card {{#if alternate}}card--alternate{{/if}}\" {{#if settings.data_tag_enabled}} data-event-type=\"{{event}}\" data-entity-id=\"{{id}}\" data-position=\"{{position}}\" data-name=\"{{name}}\" data-product-category=\"{{#each category}}{{#if @last}}{{this}}{{else}}{{this}}, {{/if}}{{/each}}\" data-product-brand=\"{{brand.name}}\" data-product-price=\"{{#if price.with_tax}}{{price.with_tax.value}}{{else}}{{price.without_tax.value}}{{/if}}\"  {{/if}}>\r\n    <div class=\"wdgimg-bg\"></div>\r\n    <figure class=\"card-figure\">\r\n\t\t<div class=\"title-brand\">\r\n\t\t\t{{#if brand.name}}\r\n\t\t\t\t<p class=\"listItem-brand\">{{brand.name}}</p>\r\n\t\t\t{{/if}}\r\n\t\t\t<h4 class=\"card-title\">\r\n\t\t\t\t<a href=\"{{url}}\" {{#if settings.data_tag_enabled}} data-event-type=\"product-click\" {{/if}}>{{name}}</a>\r\n\t\t\t</h4>\r\n            {{#if settings.show_product_rating}}\r\n                <div class=\"card-text rating-block\" data-test-info-type=\"productRating\">\r\n                    <span class=\"rating--small\">\r\n                        {{> components/products/ratings rating=rating}}\r\n                    </span>\r\n                </div>\r\n            {{/if}} \r\n\t\t</div>\r\n        <a href=\"{{url}}\" {{#if settings.data_tag_enabled}} data-event-type=\"product-click\" {{/if}} 1x=theme_settings.zoom_size>\r\n            {{#if out_of_stock_message}}\r\n                <span class=\"wdgsold-out\">{{lang 'products.sold_out'}}</span>\r\n            {{/if}}\t\r\n            <div class=\"card-img-container {{#if out_of_stock_message}}sold-out-product{{/if}}\">\r\n                <img class=\"card-image\" src=\"{{getImage image 'productgallery_size' (cdn theme_settings.default_image_product)}}\" alt=\"{{this.alt}}\" title=\"{{this.alt}}\">\r\n                {{#each (limit images 2)}}\r\n                    {{#if @index '>' 0}}\r\n                            <img class=\"wdg-thumb card-image thumb-{{@index}} card-image\" src=\"{{getImage this 'productgallery_size' (cdn theme_settings.default_image_product)}}\" alt=\"{{this.alt}}\" title=\"{{this.alt}}\">\r\n                    {{/if}}\r\n                {{/each}} \r\n            </div>\r\n        </a>\t\t\r\n         {{products.sort_order}}\r\n    </figure>\r\n   \r\n    <div class=\"card-body\">\r\n       {{!--  \r\n\t   \t{{#if brand.name}}\r\n            <p class=\"card-text\" data-test-info-type=\"brandName\">{{brand.name}}</p>\r\n        {{/if}}\r\n\t\t--}}\r\n       \r\n\t\t{{#or price.non_sale_price_with_tax price.non_sale_price_without_tax}}\r\n            {{#if theme_settings.product_sale_badges '===' 'sash'}}\r\n                <div class=\"sale-flag-sash\">\r\n                    <span class=\"sale-text\">Sale</span>\r\n                </div>\r\n            {{else if theme_settings.product_sale_badges '===' 'topleft'}}\r\n                <div class=\"sale-flag-side\">\r\n                    <span class=\"sale-text\">Sale</span>\r\n                </div>\r\n            {{else if theme_settings.product_sale_badges '===' 'burst'}}\r\n                <div class=\"starwrap\">\r\n                    <div class=\"sale-text-burst\">Sale</div>\r\n                    <div class=\"sale-flag-star\"></div>\r\n                </div>\r\n            {{/if}}\r\n        {{/or}}\r\n\t\t<div class=\"card-text tt-price\" data-test-info-type=\"price\">\r\n            {{#or customer (if theme_settings.restrict_to_login '!==' true)}}\r\n                {{> components/products/price price=price}}\r\n            {{else}}\r\n                {{> components/common/login-for-pricing}}\r\n            {{/or}}\r\n        </div>\r\n        {{> components/products/bulk-discount-rates}}\r\n\t\t\r\n\t\t<div class=\"tt-cart-btn\">\r\n\t\t\t{{#or customer (if theme_settings.restrict_to_login '!==' true)}}\r\n\t\t\t\t{{#if show_cart_action}}\r\n\t\t\t\t\t{{#if has_options}}\r\n\t\t\t\t\t\t<a href=\"{{url}}\" data-event-type=\"product-click\" class=\"button button--small card-figcaption-button\" title=\"{{lang 'products.choose_options'}}\" data-product-id=\"{{id}}\"><span class=\"material-icons\">add</span>{{lang 'products.choose_options'}}</a>\r\n\t\t\t\t\t{{/if}}\r\n\t\t\t\t\t{{#if pre_order}}\r\n\t\t\t\t\t\t<a href=\"{{pre_order_add_to_cart_url}}\" data-event-type=\"product-click\" title=\"{{lang 'products.pre_order'}}\" class=\"button button--small card-figcaption-button\"><span class=\"material-icons\">add</span>{{lang 'products.pre_order'}}</a>\r\n\t\t\t\t\t{{/if}}\r\n\t\t\t\t\t{{#if add_to_cart_url }}\r\n\t\t\t\t\t\t<a href=\"{{add_to_cart_url}}\" data-event-type=\"product-click\" title=\"{{lang 'products.add_to_cart'}}\" class=\"button button--small card-figcaption-button\">\r\n\t\t\t\t\t\t\t<span class=\"material-icons\">add</span>\r\n\t\t\t\t\t\t\t{{lang 'products.add_to_cart'}}\r\n\t\t\t\t\t\t</a>\r\n\t\t\t\t\t{{/if}}\r\n                    \r\n\t\t\t\t\t{{#if out_of_stock_message }}\r\n\t\t\t\t\t\t<a href=\"{{url}}\" data-event-type=\"product-click\" class=\"button button--small card-figcaption-button\" title=\"{{out_of_stock_message}}\" data-product-id=\"{{id}}\"><span class=\"material-icons\">add</span>{{out_of_stock_message}}</a>\r\n\t\t\t\t\t{{/if}}\r\n\t\t\t\t{{/if}}\r\n\t\t\t{{/or}}\r\n\t\t</div>\r\n\t\t\r\n\t\t\r\n\t\t\r\n\t\t<figcaption class=\"card-figcaption\">\r\n            <div class=\"card-figcaption-body\">\r\n                {{#unless hide_product_quick_view}}\r\n                    {{#if theme_settings.show_product_quick_view}}\r\n                        {{#if settings.data_tag_enabled}}\r\n                            <a class=\"button button--small card-figcaption-button quickview\" title=\"{{lang 'products.quick_view'}}\" data-event-type=\"product-click\" data-product-id=\"{{id}}\">\r\n                            \t<span class=\"material-icons\">remove_red_eye</span>\r\n                                {{!-- {{lang 'products.quick_view'}} --}}\r\n                            </a>\r\n                        {{else}}\r\n                            <a class=\"button button--small card-figcaption-button quickview\" title=\"{{lang 'products.quick_view'}}\" data-product-id=\"{{id}}\">\r\n                                <span class=\"material-icons\">remove_red_eye</span>\r\n                                {{!-- {{lang 'products.quick_view'}} --}}\r\n                            </a>\r\n                        {{/if}}\r\n                    {{/if}}\r\n                {{/unless}}\r\n\t\t\t\t{{!-- {{#if show_compare}} --}}\r\n                    <label class=\"button button--small card-figcaption-button tt-compare\" title=\"{{lang 'products.compare'}}\" data-product-compare  for=\"compare-{{id}}\">\r\n                        <span class=\"material-icons\">sync</span>\r\n                        {{!-- {{lang 'products.compare'}} --}}\r\n                        <input type=\"checkbox\" class=\"tt-comparecheck\" name=\"products[]\" value=\"{{id}}\" id=\"compare-{{id}}\" data-compare-id=\"{{id}}\">\r\n                    </label>\r\n\t\t\t\t {{!--   {{/if}}  --}}\r\n                {{#if settings.show_wishlist}}\r\n                    <a href=\"{{add_to_wishlist_url}}\" class=\"button button--small card-figcaption-button tt-wishlist\"><span class=\"material-icons\">favorite_border</span></a>\r\n                {{/if}}\r\n            </div>\r\n        </figcaption>\r\n    </div>\r\n</article>\r\n\r\n\r\n","components/products/filter":"<form class=\"actionBar sort_filter\" method=\"get\" data-sort-by>\r\n    {{> components/category/sort-box sort=sort}}\r\n</form>\n","components/products/grid":"<ul class=\"productGrid\">\n    {{#each products}}\n    <li class=\"product\">\n            {{>components/products/card settings=../settings show_compare=../show_compare show_rating=../settings.show_product_rating theme_settings=../theme_settings customer=../customer event=../event position=(add @index 1)}}\n    </li>\n    {{/each}}\n</ul>\n","components/products/list":"<ul class=\"productList\">\n    {{#each products}}\n    <li class=\"product\">\n\t\t{{>components/products/list-item show_compare=../show_compare show_rating=../settings.show_product_rating theme_settings=../theme_settings customer=../customer event=../event settings=../settings position=(add @index 1)}}\n    </li>\n    {{/each}}\n</ul>\n","components/products/list-item":"{{#if settings.data_tag_enabled}}\r\n    <article class=\"listItem\" data-event-type=\"{{event}}\" data-entity-id=\"{{id}}\" data-position=\"{{position}}\" data-name=\"{{name}}\" data-product-category=\"{{#each category}}{{#if @last}}{{this}}{{else}}{{this}}, {{/if}}{{/each}}\" data-product-brand=\"{{brand.name}}\" data-product-price=\"{{#if price.with_tax}}{{price.with_tax.value}}{{else}}{{price.without_tax.value}}{{/if}}\">\r\n{{else}}\r\n    <article class=\"listItem\">\r\n{{/if}}\r\n    <figure class=\"listItem-figure\">\r\n    \t{{#or price.non_sale_price_with_tax price.non_sale_price_without_tax}}\r\n            {{#if theme_settings.product_sale_badges '===' 'sash'}}\r\n                <div class=\"sale-flag-sash\">\r\n                    <span class=\"sale-text\">Sale</span>\r\n                </div>\r\n            {{else if theme_settings.product_sale_badges '===' 'topleft'}}\r\n                <div class=\"sale-flag-side\">\r\n                    <span class=\"sale-text\">Sale</span>\r\n                </div>\r\n            {{else if theme_settings.product_sale_badges '===' 'burst'}}\r\n                <div class=\"starwrap\">\r\n                    <div class=\"sale-text-burst\">Sale</div>\r\n                    <div class=\"sale-flag-star\"></div>\r\n                </div>\r\n            {{/if}}\r\n        {{/or}}\r\n         <a href=\"{{url}}\" {{#if settings.data_tag_enabled}} data-event-type=\"product-click\" {{/if}} 1x=theme_settings.zoom_size>\r\n        \t{{#if out_of_stock_message}}\r\n                <span class=\"wdgsold-out\">{{lang 'products.sold_out'}}</span>\r\n            {{/if}}\r\n            <div class=\"card-img-container {{#if out_of_stock_message}}sold-out-product{{/if}}\">\r\n                <img class=\"card-image\" src=\"{{getImage image 'best-seller-product_size' (cdn theme_settings.default_image_product)}}\" alt=\"{{this.alt}}\" title=\"{{this.alt}}\">\r\n                {{#each (limit images 2)}}\r\n                    {{#if @index '>' 0}}\r\n                            <img class=\"wdg-thumb card-image thumb-{{@index}} card-image\" src=\"{{getImage this 'best-seller-product_size' (cdn theme_settings.default_image_product)}}\" alt=\"{{this.alt}}\" title=\"{{this.alt}}\">\r\n                    {{/if}}\r\n                {{/each}} \r\n            </div>\r\n        </a>\t\t\r\n    </figure>\r\n    \r\n    <div class=\"listItem-body\">\r\n        <div class=\"listItem-content\">\r\n            <div class=\"listItem-details\">\r\n            \t{{#if brand.name}}\r\n                \t<p class=\"listItem-brand\">{{brand.name}}</p>\r\n                {{/if}}\r\n                <h4 class=\"listItem-title\">\r\n                    <a href=\"{{url}}\" {{#if settings.data_tag_enabled}} data-event-type=\"product-click\" {{/if}}>{{name}}</a>\r\n                </h4>\r\n               \r\n                {{#if show_rating}}\r\n                    <p class=\"listItem-rating\">{{> components/products/ratings rating=rating}}</p>\r\n                {{/if}}\r\n                {{#if summary}}\r\n                    <p class=\"product-desc\">{{{summary}}}</p>\r\n                {{/if}}\r\n            </div>\r\n            <div class=\"listItem-actions\">\r\n            \t{{#if price}}\r\n                    <div class=\"tt-list-price\">{{> components/products/price price=price}}</div>\r\n                {{/if}}\r\n                <div class=\"list-cart-btn\">\r\n                    {{#or customer (if theme_settings.restrict_to_login '!==' true)}}\r\n                        {{#if show_cart_action}}\r\n                            {{#if has_options}}\r\n                                <a href=\"{{url}}\" data-event-type=\"product-click\" class=\"button button--small card-figcaption-button\" title=\"{{lang 'products.choose_options'}}\" data-product-id=\"{{id}}\"><span class=\"material-icons\">add</span>{{lang 'products.choose_options'}}</a>\r\n                            {{/if}}\r\n                            {{#if pre_order}}\r\n                                <a href=\"{{pre_order_add_to_cart_url}}\" data-event-type=\"product-click\" title=\"{{lang 'products.pre_order'}}\" class=\"button button--small card-figcaption-button\"><span class=\"material-icons\">add</span>{{lang 'products.pre_order'}}</a>\r\n                            {{/if}}\r\n                            {{#if add_to_cart_url }}\r\n                                <a href=\"{{add_to_cart_url}}\" data-event-type=\"product-click\" class=\"button button--small card-figcaption-button\">\r\n                                    <span class=\"material-icons\">add</span>\r\n                                    {{lang 'products.add_to_cart'}}\r\n                                </a>\r\n                            {{/if}}\r\n                            {{#if out_of_stock_message }}\r\n                                <a href=\"{{url}}\" data-event-type=\"product-click\" class=\"button button--small card-figcaption-button\" title=\"{{out_of_stock_message}}\" data-product-id=\"{{id}}\"><span class=\"material-icons\">add</span>{{out_of_stock_message}}</a>\r\n                            {{/if}}\r\n                        {{/if}}\r\n                    {{/or}}\r\n                </div>\r\n                {{#if settings.show_wishlist}}\r\n                    <a href=\"{{add_to_wishlist_url}}\" class=\"button button--small card-figcaption-button tt-wishlist\"><span class=\"material-icons\">favorite_border</span></a>\r\n                {{/if}}\r\n                {{#if show_compare}}\r\n                    <label class=\"button button--small card-figcaption-button tt-compare\" title=\"{{lang 'products.compare'}}\" for=\"list-compare-{{id}}\">\r\n                        <span class=\"material-icons\">sync</span>\r\n                        {{!-- {{lang 'products.compare'}} --}}\r\n                        <input type=\"checkbox\" class=\"tt-comparecheck\" name=\"products[]\" value=\"{{id}}\" id=\"list-compare-{{id}}\" data-compare-id=\"{{id}}\">\r\n                    </label>\r\n                {{/if}}\r\n                {{#unless hide_product_quick_view}}\r\n                    {{#if theme_settings.show_product_quick_view}}\r\n                        {{#if settings.data_tag_enabled}}\r\n                            <a class=\"button button--small card-figcaption-button quickview\" title=\"{{lang 'products.quick_view'}}\" data-event-type=\"product-click\" data-product-id=\"{{id}}\">\r\n                            \t<span class=\"material-icons\">remove_red_eye</span>\r\n                                {{!-- {{lang 'products.quick_view'}} --}}\r\n                            </a>\r\n                        {{else}}\r\n                            <a class=\"button button--small card-figcaption-button quickview\" title=\"{{lang 'products.quick_view'}}\" data-product-id=\"{{id}}\">\r\n                                <span class=\"material-icons\">remove_red_eye</span>\r\n                                {{!-- {{lang 'products.quick_view'}} --}}\r\n                            </a>\r\n                        {{/if}}\r\n                    {{/if}}\r\n                {{/unless}}\r\n            </div>\r\n        </div>\r\n    </div>\r\n</article>\r\n","components/products/price":"{{!-- There are 2 code paths for generating the PDP pricing HTML determined by the following #and condition. \r\nIf a 'price_range' exists then we generate all HTML in price-range.html, otherwise it is defined here. Both code\r\npaths generate the same HTML structure with some differences in whether that element is displayed by default (css styling).\r\n\r\nIf you are making a change here or in price-range.html, you probably want to make that change in both files. --}}\r\n\r\n{{#and price.price_range (if theme_settings.price_ranges '==' true)}}\r\n    {{> components/products/price-range price=price schema_org=schema_org}}\r\n{{else}}\r\n    {{#if price.with_tax}}\r\n        <div class=\"price-section price-section--withTax rrp-price--withTax\" {{#unless price.rrp_with_tax}}style=\"display: none;\"{{/unless}}>\r\n            {{theme_settings.pdp-retail-price-label}}\r\n            <span data-product-rrp-with-tax class=\"price price--rrp\">\r\n                {{price.rrp_with_tax.formatted}}\r\n            </span>\r\n        </div>\r\n        \r\n        <div class=\"price-section price-section--withTax\" {{#if schema_org}}itemprop=\"offers\" itemscope itemtype=\"http://schema.org/Offer\"{{/if}}>\r\n            <span class=\"price-label\" {{#if price.non_sale_price_with_tax}}style=\"display: none;\"{{/if}}>\r\n                {{theme_settings.pdp-price-label}}\r\n            </span>\r\n            <span class=\"price-now-label\" {{#unless price.non_sale_price_with_tax}}style=\"display: none;\"{{/unless}}>\r\n                {{!--  {{theme_settings.pdp-sale-price-label}} --}}\r\n            </span>\r\n            <span data-product-price-with-tax class=\"price price--withTax\">{{price.with_tax.formatted}}</span>\r\n            {{#if schema_org}}\r\n                <meta itemprop=\"availability\" itemtype=\"http://schema.org/ItemAvailability\" \r\n                \tcontent=\"http://schema.org/{{#if product.pre_order}}PreOrder{{else if product.out_of_stock}}OutOfStock{{else if product.can_purchase '===' false}}OutOfStock{{else}}InStock{{/if}}\">\r\n                <meta itemprop=\"itemCondition\" itemtype=\"http://schema.org/OfferItemCondition\" content=\"http://schema.org/{{product.condition}}Condition\">\r\n                <meta itemprop=\"priceCurrency\" content=\"{{currency_selector.active_currency_code}}\">\r\n                <meta itemprop=\"url\" content=\"{{product.url}}\">\r\n                <div itemprop=\"priceSpecification\" itemscope itemtype=\"http://schema.org/PriceSpecification\">\r\n                    <meta itemprop=\"price\" content=\"{{price.with_tax.value}}\">\r\n                    <meta itemprop=\"priceCurrency\" content=\"{{currency_selector.active_currency_code}}\">\r\n                    <meta itemprop=\"valueAddedTaxIncluded\" content=\"true\">\r\n                </div>\r\n            {{/if}}\r\n            {{#if price.without_tax}}\r\n                <abbr title=\"{{lang 'products.including_tax'}}\">{{lang 'products.price_with_tax' tax_label=price.tax_label}}</abbr>\r\n            {{/if}}\r\n        </div>\r\n\t\t<div class=\"price-section price-section--withTax non-sale-price--withTax\" {{#unless price.non_sale_price_with_tax}}style=\"display: none;\"{{/unless}}>\r\n            {{!-- {{theme_settings.pdp-non-sale-price-label}}  --}}\r\n            <span data-product-non-sale-price-with-tax class=\"price price--non-sale\">\r\n                {{price.non_sale_price_with_tax.formatted}}\r\n            </span>\r\n        </div>\r\n    {{/if}}\r\n    {{#if price.without_tax}}\r\n        <div class=\"price-section price-section--withoutTax rrp-price--withoutTax{{#if price.with_tax}} price-section--minor{{/if}}\" {{#unless price.rrp_without_tax}}style=\"display: none;\"{{/unless}}>\r\n            {{theme_settings.pdp-retail-price-label}}\r\n            <span data-product-rrp-price-without-tax class=\"price price--rrp\"> \r\n                {{price.rrp_without_tax.formatted}}\r\n            </span>\r\n        </div>\r\n        <div class=\"price-section price-section--withoutTax non-sale-price--withoutTax{{#if price.with_tax}} price-section--minor{{/if}}\" {{#unless price.non_sale_price_without_tax}}style=\"display: none;\"{{/unless}}>\r\n            {{theme_settings.pdp-non-sale-price-label}}\r\n            <span data-product-non-sale-price-without-tax class=\"price price--non-sale\">\r\n                {{price.non_sale_price_without_tax.formatted}}\r\n            </span>\r\n        </div>\r\n        <div class=\"price-section price-section--withoutTax\" {{#if schema_org}}itemprop=\"offers\" itemscope itemtype=\"http://schema.org/Offer\"{{/if}}>\r\n            <span class=\"price-label\" {{#if price.non_sale_price_without_tax}}style=\"display: none;\"{{/if}}>\r\n                {{theme_settings.pdp-price-label}}\r\n            </span>\r\n            <span class=\"price-now-label\" {{#unless price.non_sale_price_without_tax}}style=\"display: none;\"{{/unless}}>\r\n                {{theme_settings.pdp-sale-price-label}}\r\n            </span>\r\n            <span data-product-price-without-tax class=\"price price--withoutTax{{#if price.with_tax}} price-section--minor{{/if}}\">{{price.without_tax.formatted}}</span>\r\n            {{#if schema_org}}\r\n                <meta itemprop=\"availability\" itemtype=\"http://schema.org/ItemAvailability\"\r\n                    content=\"http://schema.org/{{#if product.pre_order}}PreOrder{{else if product.out_of_stock}}OutOfStock{{else if product.can_purchase '===' false}}OutOfStock{{else}}InStock{{/if}}\">\r\n                <meta itemprop=\"itemCondition\" itemtype=\"http://schema.org/OfferItemCondition\" content=\"http://schema.org/{{product.condition}}Condition\">\r\n                <meta itemprop=\"priceCurrency\" content=\"{{currency_selector.active_currency_code}}\">\r\n                <meta itemprop=\"url\" content=\"{{product.url}}\">\r\n                <div itemprop=\"priceSpecification\" itemscope itemtype=\"http://schema.org/PriceSpecification\">\r\n                    <meta itemprop=\"price\" content=\"{{price.without_tax.value}}\">\r\n                    <meta itemprop=\"priceCurrency\" content=\"{{currency_selector.active_currency_code}}\">\r\n                    <meta itemprop=\"valueAddedTaxIncluded\" content=\"false\">\r\n                </div>\r\n            {{/if}}\r\n            {{#if price.with_tax}}\r\n                <abbr title=\"{{lang 'products.excluding_tax'}}\">{{lang 'products.price_without_tax' tax_label=price.tax_label}}</abbr>\r\n            {{/if}}\r\n        </div>\r\n    {{/if}}\r\n    {{#if page_type '===' 'product'}}\r\n         <div class=\"price-section price-section--saving price\" {{#unless price.saved}}style=\"display: none;\"{{/unless}}>\r\n                <span class=\"price\">{{lang 'products.you_save_opening_text'}}</span>\r\n                <span data-product-price-saved class=\"price price--saving\">\r\n                    {{price.saved.formatted}}\r\n                </span>\r\n                <span class=\"price\">{{lang 'products.you_save_closing_bracket'}}</span>\r\n         </div>\r\n    {{/if}}\r\n{{/and}}\r\n","components/products/price-range":"{{#and price.retail_price_range.min.with_tax price.retail_price_range.max.with_tax}}\r\n    <div class=\"price-section price-section--withTax rrp-price--withTax\">\r\n        {{theme_settings.pdp-retail-price-label}}\r\n        <span data-product-rrp-price-with-tax class=\"price price--rrp\">{{price.retail_price_range.min.with_tax.formatted}} - {{price.retail_price_range.max.with_tax.formatted}}</span>\r\n    </div>\r\n{{else}}\r\n    {{#if price.with_tax}}\r\n        <div class=\"price-section price-section--withTax rrp-price--withTax\" style=\"display: none;\">\r\n            {{theme_settings.pdp-retail-price-label}}\r\n            <span data-product-rrp-with-tax class=\"price price--rrp\">\r\n                {{price.rrp_with_tax.formatted}}\r\n            </span>\r\n        </div>\r\n    {{/if}}\r\n{{/and}}\r\n{{#and price.price_range.min.with_tax price.price_range.max.with_tax}}\r\n    {{!-- Never display the \"non-sales price\" if there is a price range to be shown, but we do want the element on the page --}}\r\n    <div class=\"price-section price-section--withTax non-sale-price--withTax\" style=\"display: none;\">\r\n        {{theme_settings.pdp-non-sale-price-label}}\r\n        <span data-product-non-sale-price-with-tax class=\"price price--non-sale\">\r\n            {{price.non_sale_price_with_tax.formatted}}\r\n        </span>\r\n    </div>\r\n    <div class=\"price-section price-section--withTax\" {{#if schema_org}}itemprop=\"offers\" itemscope itemtype=\"http://schema.org/Offer\"{{/if}}>\r\n        <span class=\"price-label\">{{theme_settings.pdp-price-label}}</span>\r\n        <span class=\"price-now-label\" style=\"display: none;\">{{theme_settings.pdp-sale-price-label}}</span>\r\n        <span data-product-price-with-tax class=\"price price--withTax\">{{price.price_range.min.with_tax.formatted}} - {{price.price_range.max.with_tax.formatted}}</span>\r\n        {{#and price.price_range.min.without_tax price.price_range.max.without_tax}}\r\n            <abbr title=\"{{lang 'products.including_tax'}}\">{{lang 'products.price_with_tax' tax_label=price.price_range.min.tax_label}}</abbr>\r\n        {{/and}}\r\n        {{#if schema_org}}\r\n            <meta itemprop=\"availability\" itemtype=\"http://schema.org/ItemAvailability\"\r\n                    content=\"http://schema.org/{{#if product.pre_order}}PreOrder{{else if product.out_of_stock}}OutOfStock{{else if product.can_purchase '===' false}}OutOfStock{{else}}InStock{{/if}}\">\r\n            <meta itemprop=\"itemCondition\" itemtype=\"http://schema.org/OfferItemCondition\" content=\"http://schema.org/{{product.condition}}Condition\">\r\n            <meta itemprop=\"priceCurrency\" content=\"{{currency_selector.active_currency_code}}\">\r\n            <meta itemprop=\"url\" content=\"{{product.url}}\">\r\n            <div itemprop=\"priceSpecification\" itemscope itemtype=\"http://schema.org/PriceSpecification\">\r\n                <meta itemprop=\"minPrice\" content=\"{{price_range.min.with_tax.value}}\"  />\r\n                <meta itemprop=\"price\" content=\"{{price_range.min.with_tax.value}}\">\r\n                <meta itemprop=\"maxPrice\" content=\"{{price_range.max.with_tax.value}}\"  />\r\n                <meta itemprop=\"priceCurrency\" content=\"{{currency_selector.active_currency_code}}\">\r\n                <meta itemprop=\"valueAddedTaxIncluded\" content=\"true\">\r\n            </div>\r\n        {{/if}}\r\n    </div>\r\n{{/and}}\r\n{{#and price.retail_price_range.min.without_tax price.retail_price_range.max.without_tax}}\r\n    <div class=\"price-section price-section--withoutTax rrp-price--withoutTax{{#if price.with_tax}} price-section--minor{{/if}}\">\r\n        {{theme_settings.pdp-retail-price-label}}\r\n        <span data-product-rrp-price-without-tax class=\"price price--rrp\">{{price.retail_price_range.min.without_tax.formatted}} - {{price.retail_price_range.max.without_tax.formatted}}</span>\r\n    </div>\r\n{{else}}\r\n    {{#if price.without_tax}}\r\n        <div class=\"price-section price-section--withoutTax rrp-price--withoutTax{{#if price.with_tax}} price-section--minor{{/if}}\" style=\"display: none;\">\r\n            {{theme_settings.pdp-retail-price-label}}\r\n            <span data-product-rrp-price-without-tax class=\"price price--rrp\">\r\n                {{price.rrp_without_tax.formatted}}\r\n            </span>\r\n        </div>\r\n    {{/if}}\r\n{{/and}}\r\n{{#and price.price_range.min.without_tax price.price_range.max.without_tax}}\r\n    {{!-- Never display the \"non-sales price\" if there is a price range to be shown, but we do want the element on the page --}}\r\n    <div class=\"price-section price-section--withoutTax non-sale-price--withoutTax{{#if price.with_tax}} price-section--minor{{/if}}\" style=\"display: none;\">\r\n        {{theme_settings.pdp-non-sale-price-label}}\r\n        <span data-product-non-sale-price-without-tax class=\"price price--non-sale\">\r\n            {{price.non_sale_price_without_tax.formatted}}\r\n        </span>\r\n    </div>\r\n    <div class=\"price-section price-section--withoutTax{{#and price_range.min.with_tax price_range.max.with_tax}} price-section--minor{{/and}}\" {{#if schema_org}}itemprop=\"offers\" itemscope itemtype=\"http://schema.org/Offer\"{{/if}}>\r\n        <span class=\"price-label\">{{theme_settings.pdp-price-label}}</span>\r\n        <span class=\"price-now-label\" style=\"display: none;\">{{theme_settings.pdp-sale-price-label}}</span>\r\n        <span data-product-price-without-tax class=\"price price--withoutTax\">{{price.price_range.min.without_tax.formatted}} - {{price.price_range.max.without_tax.formatted}}</span>\r\n        {{#and price.price_range.min.with_tax price.price_range.max.with_tax}}\r\n            <abbr title=\"{{lang 'products.excluding_tax'}}\">{{lang 'products.price_without_tax' tax_label=price.price_range.min.tax_label}}</abbr>\r\n        {{/and}}\r\n        {{#if schema_org}}\r\n            <meta itemprop=\"availability\" itemtype=\"http://schema.org/ItemAvailability\"\r\n                    content=\"http://schema.org/{{#if product.pre_order}}PreOrder{{else if product.out_of_stock}}OutOfStock{{else if product.can_purchase '===' false}}OutOfStock{{else}}InStock{{/if}}\">\r\n            <meta itemprop=\"itemCondition\" itemtype=\"http://schema.org/OfferItemCondition\" content=\"http://schema.org/{{product.condition}}Condition\">\r\n            <meta itemprop=\"priceCurrency\" content=\"{{currency_selector.active_currency_code}}\">\r\n            <meta itemprop=\"url\" content=\"{{product.url}}\">\r\n            <div itemprop=\"priceSpecification\" itemscope itemtype=\"http://schema.org/PriceSpecification\">\r\n                <meta itemprop=\"minPrice\" content=\"{{price.price_range.min.without_tax.value}}\"  />\r\n                <meta itemprop=\"price\" content=\"{{price.price_range.min.without_tax.value}}\">\r\n                <meta itemprop=\"maxPrice\" content=\"{{price.price_range.max.without_tax.value}}\"  />\r\n                <meta itemprop=\"priceCurrency\" content=\"{{currency_selector.active_currency_code}}\">\r\n                <meta itemprop=\"valueAddedTaxIncluded\" content=\"false\">\r\n            </div>\r\n        {{/if}}\r\n    </div>\r\n{{/and}}\r\n\r\n{{!-- Never display the \"saving price\" element by default if there is a price range on the page to be shown --}}\r\n{{#if page_type '===' 'product'}}\r\n     <div class=\"price-section price-section--saving price\" style=\"display: none;\">\r\n            <span class=\"price\">{{lang 'products.you_save_opening_text'}}</span>\r\n            <span data-product-price-saved class=\"price price--saving\">\r\n                {{price.saved.formatted}}\r\n            </span>\r\n            <span class=\"price\">{{lang 'products.you_save_closing_bracket'}}</span>\r\n     </div>\r\n{{/if}}\r\n","components/products/ratings":"{{#for 1 5}}\r\n    {{#if ../this.rating '>=' $index}}\r\n        <span class=\"icon icon--ratingFull\">\r\n            <span class=\"material-icons\">star_rate</span>\r\n        </span>\r\n    {{else}}\r\n        <span class=\"icon icon--ratingEmpty\">\r\n            <span class=\"material-icons\">star_border</span>\r\n        </span>\r\n    {{/if}}\r\n{{/for}}\r\n","components/products/short-list-item":"{{#if settings.data_tag_enabled}}\r\n    <article class=\"shortlistItem\" data-event-type=\"{{event}}\" data-entity-id=\"{{id}}\" data-position=\"{{position}}\" data-name=\"{{name}}\" data-product-category=\"{{#each category}}{{#if @last}}{{this}}{{else}}{{this}}, {{/if}}{{/each}}\" data-product-brand=\"{{brand.name}}\" data-product-price=\"{{#if price.with_tax}}{{price.with_tax.value}}{{else}}{{price.without_tax.value}}{{/if}}\">\r\n{{else}}\r\n    <article class=\"shortlistItem\">\r\n{{/if}}\r\n    <figure class=\"shortlistItem-figure col-2\">\r\n   \t\t{{#or price.non_sale_price_with_tax price.non_sale_price_without_tax}}\r\n            {{#if theme_settings.product_sale_badges '===' 'sash'}}\r\n                <div class=\"sale-flag-sash\">\r\n                    <span class=\"sale-text\">Sale</span>\r\n                </div>\r\n            {{else if theme_settings.product_sale_badges '===' 'topleft'}}\r\n                <div class=\"sale-flag-side\">\r\n                    <span class=\"sale-text\">Sale</span>\r\n                </div>\r\n            {{else if theme_settings.product_sale_badges '===' 'burst'}}\r\n                <div class=\"starwrap\">\r\n                    <div class=\"sale-text-burst\">Sale</div>\r\n                    <div class=\"sale-flag-star\"></div>\r\n                </div>\r\n            {{/if}}\r\n        {{/or}}\r\n         <a href=\"{{url}}\" {{#if settings.data_tag_enabled}} data-event-type=\"product-click\" {{/if}} 1x=theme_settings.zoom_size>\r\n        \t{{#if out_of_stock_message}}\r\n                <span class=\"wdgsold-out\">{{lang 'products.sold_out'}}</span>\r\n            {{/if}}\r\n            <div class=\"card-img-container {{#if out_of_stock_message}}sold-out-product{{/if}}\">\r\n                <img class=\"card-image\" src=\"{{getImage image 'productgallery_size' (cdn theme_settings.default_image_product)}}\" alt=\"{{this.alt}}\" title=\"{{this.alt}}\">\r\n                {{#each (limit images 2)}}\r\n                    {{#if @index '>' 0}}\r\n                            <img class=\"wdg-thumb card-image thumb-{{@index}} card-image\" src=\"{{getImage this 'productgallery_size' (cdn theme_settings.default_image_product)}}\" alt=\"{{this.alt}}\" title=\"{{this.alt}}\">\r\n                    {{/if}}\r\n                {{/each}} \r\n            </div>\r\n        </a>\t\t\r\n    </figure>\r\n    <div class=\"shortlistItem-body col-10\">\r\n        <div class=\"shortlistItem-content\">\r\n            <div class=\"shortlistItem-details col-7\">\r\n       \t\t    {{#if brand.name}}\r\n                \t<p class=\"shortlistItem-brand\">{{brand.name}}</p>\r\n                {{/if}}\r\n                <h4 class=\"shortlistItem-title\">\r\n                    <a href=\"{{url}}\" {{#if settings.data_tag_enabled}} data-event-type=\"product-click\" {{/if}}>{{name}}</a>\r\n                </h4>\r\n                \r\n                {{#if show_rating}}\r\n                    <p class=\"shortlistItem-rating\">{{> components/products/ratings rating=rating}}</p>\r\n                {{/if}}\r\n                {{#if summary}}\r\n                    <p class=\"product-desc\">{{{summary}}}</p>\r\n                {{/if}}\r\n            </div>\r\n             <div class=\"shortlistItem-price col-2\">\r\n                {{#if price}}\r\n                    <div class=\"tt-shortlist-price\">{{> components/products/price price=price}}</div>\r\n                {{/if}}\r\n            </div>\r\n            <div class=\"shortlistItem-actions col-3\">\r\n                <div class=\"shortlist-cart-btn\">\r\n                    {{#or customer (if theme_settings.restrict_to_login '!==' true)}}\r\n                        {{#if show_cart_action}}\r\n                            {{#if has_options}}\r\n                                <a href=\"{{url}}\" data-event-type=\"product-click\" class=\"button button--small card-figcaption-button\" title=\"{{lang 'products.choose_options'}}\" data-product-id=\"{{id}}\"><span class=\"material-icons\">add</span>{{lang 'products.choose_options'}}</a>\r\n                            {{/if}}\r\n                            {{#if pre_order}}\r\n                                <a href=\"{{pre_order_add_to_cart_url}}\" data-event-type=\"product-click\" title=\"{{lang 'products.pre_order'}}\" class=\"button button--small card-figcaption-button\"><span class=\"material-icons\">add</span>{{lang 'products.pre_order'}}</a>\r\n                            {{/if}}\r\n                            {{#if add_to_cart_url }}\r\n                                <a href=\"{{add_to_cart_url}}\" data-event-type=\"product-click\" class=\"button button--small card-figcaption-button\">\r\n                                    <span class=\"material-icons\">add</span>\r\n                                    {{lang 'products.add_to_cart'}}\r\n                                </a>\r\n                            {{/if}}\r\n                            {{#if out_of_stock_message }}\r\n                                <a href=\"{{url}}\" data-event-type=\"product-click\" class=\"button button--small card-figcaption-button\" title=\"{{out_of_stock_message}}\" data-product-id=\"{{id}}\"><span class=\"material-icons\">add</span>{{out_of_stock_message}}</a>\r\n                            {{/if}}\r\n                        {{/if}}\r\n                    {{/or}}\r\n                </div>\r\n              \t\r\n                <div class=\"quickview-compare\">\r\n                    {{#if settings.show_wishlist}}\r\n                        <a href=\"{{add_to_wishlist_url}}\" class=\"button button--small card-figcaption-button tt-wishlist\"><span class=\"material-icons\">favorite_border</span></a>\r\n                    {{/if}}\r\n                    {{#if show_compare}}\r\n                        <label class=\"button button--small card-figcaption-button tt-compare\" title=\"{{lang 'products.compare'}}\" for=\"short-compare-{{id}}\">\r\n                            <span class=\"material-icons\">sync</span>\r\n                            {{!-- {{lang 'products.compare'}} --}}\r\n                            <input type=\"checkbox\" class=\"tt-comparecheck\" name=\"products[]\" value=\"{{id}}\" id=\"short-compare-{{id}}\" data-compare-id=\"{{id}}\">\r\n                        </label>\r\n                    {{/if}}\r\n                    {{#unless hide_product_quick_view}}\r\n                        {{#if theme_settings.show_product_quick_view}}\r\n                            {{#if settings.data_tag_enabled}}\r\n                                <a class=\"button button--small card-figcaption-button quickview\" title=\"{{lang 'products.quick_view'}}\" data-event-type=\"product-click\" data-product-id=\"{{id}}\">\r\n                                    <span class=\"material-icons\">remove_red_eye</span>\r\n                                    {{!-- {{lang 'products.quick_view'}} --}}\r\n                                </a>\r\n                            {{else}}\r\n                                <a class=\"button button--small card-figcaption-button quickview\" title=\"{{lang 'products.quick_view'}}\" data-product-id=\"{{id}}\">\r\n                                    <span class=\"material-icons\">remove_red_eye</span>\r\n                                    {{!-- {{lang 'products.quick_view'}} --}}\r\n                                </a>\r\n                            {{/if}}\r\n                        {{/if}}\r\n                    {{/unless}}\r\n                </div>\r\n            </div>\r\n        </div>\r\n    </div>\r\n</article>\r\n","components/products/shortlist":"<ul class=\"productShortList\">\r\n    {{#each products}}\r\n    <li class=\"product\">\r\n\t\t{{>components/products/short-list-item show_compare=../show_compare show_rating=../settings.show_product_rating theme_settings=../theme_settings customer=../customer event=../event settings=../settings position=(add @index 1)}}\r\n    </li>\r\n    {{/each}}\r\n</ul>\r\n"}
